State,CD#,2018 Cook PVI Score,2018 Winner,Party,Dem Votes,GOP Votes,Other Votes,Dem %,GOP %,Other %,Dem Margin,2016 Clinton Margin,Swing vs. 2016 Prez,2016 Total Votes Cast,Raw Votes vs. 2016 ,Final?
"New House Breakdown: 235D, 199R, 1 Denied Certification",,,,D,"60,727,598","50,983,895","1,967,161",53.4%,44.8%,1.7%,8.6%,2.1%,6.5%,"136,179,900",83.5%,
"Compiled by: David Wasserman & Ally Flinn, Cook Political Report. @Redistrict/@CookPolitical. Italics denotes freshman, Bold denotes party change.",,,,,,,,,,,,,,,,
Alabama,1,R+15,Bradley Byrne,R,"89,226","153,228",163,36.8%,63.2%,0.1%,-26.4%,-29.2%,2.8%,"305,780",79.3%,x
Alabama,2,R+16,Martha Roby,R,"86,931","138,879",420,38.4%,61.4%,0.2%,-23.0%,-31.7%,8.7%,"287,564",78.7%,x
Alabama,3,R+16,Mike Rogers,R,"83,996","147,770",149,36.2%,63.7%,0.1%,-27.5%,-33.0%,5.5%,"291,243",79.6%,x
Alabama,4,R+30,Robert Aderholt,R,"46,492","184,255",222,20.1%,79.8%,0.1%,-59.6%,-62.5%,2.9%,"292,861",78.9%,x
Alabama,5,R+18,Mo Brooks,R,"101,388","159,063",222,38.9%,61.0%,0.1%,-22.1%,-32.9%,10.8%,"314,679",82.8%,x
Alabama,6,R+26,Gary Palmer,R,"85,644","192,542",142,30.8%,69.2%,0.1%,-38.4%,-43.8%,5.4%,"335,943",82.8%,x
Alabama,7,D+20,Terri Sewell,D,"185,010",0,"4,153",97.8%,0.0%,2.2%,97.8%,41.2%,N/A,"294,433",64.2%,x
Alaska,AL,R+9,Don Young,R,"131,199","149,779","1,188",46.5%,53.1%,0.4%,-6.6%,-14.7%,8.1%,"318,608",88.6%,x
Arizona,1,R+2,Tom O'Halleran,D,"143,240","122,784",65,53.8%,46.1%,0.0%,7.7%,-1.1%,8.8%,"289,086",92.0%,x
Arizona,2,R+1,Ann Kirkpatrick,D,"161,000","133,083",69,54.7%,45.2%,0.0%,9.5%,4.8%,4.7%,"321,540",91.5%,x
Arizona,3,D+13,Raul Grijalva,D,"114,650","64,868",0,63.9%,36.1%,0.0%,27.7%,29.5%,-1.8%,"211,797",84.8%,x
Arizona,4,R+21,Paul Gosar,R,"84,521","188,842","3,672",30.5%,68.2%,1.3%,-37.7%,-39.4%,1.7%,"304,185",91.1%,x
Arizona,5,R+15,Andy Biggs,R,"127,027","186,037",0,40.6%,59.4%,0.0%,-18.8%,-20.5%,1.7%,"341,437",91.7%,x
Arizona,6,R+9,David Schweikert,R,"140,559","173,140",0,44.8%,55.2%,0.0%,-10.4%,-9.8%,-0.6%,"343,997",91.2%,x
Arizona,7,D+23,Ruben Gallego,D,"113,044",301,"18,706",85.6%,0.2%,14.2%,85.4%,48.3%,N/A,"167,183",79.0%,x
Arizona,8,R+13,Debbie Lesko,R,"135,569","168,835",13,44.5%,55.5%,0.0%,-10.9%,-20.8%,9.9%,"332,767",91.5%,x
Arizona,9,D+4,Greg Stanton,D,"159,583","101,662",0,61.1%,38.9%,0.0%,22.2%,15.9%,6.3%,"290,237",90.0%,x
Arkansas,1,R+17,Rick Crawford,R,"57,907","138,757","4,581",28.8%,68.9%,2.3%,-40.2%,-34.8%,-5.4%,"260,716",77.2%,x
Arkansas,2,R+7,French Hill,R,"116,135","132,125","5,193",45.8%,52.1%,2.0%,-6.3%,-10.7%,4.4%,"306,974",82.6%,x
Arkansas,3,R+19,Steve Womack,R,"74,952","148,717","6,039",32.6%,64.7%,2.6%,-32.1%,-31.4%,-0.7%,"292,163",78.6%,x
Arkansas,4,R+17,Bruce Westerman,R,"63,984","136,740","4,168",31.2%,66.7%,2.0%,-35.5%,-32.8%,-2.7%,"270,782",75.7%,x
California,1,R+11,Doug LaMalfa,R,"131,548","160,046",0,45.1%,54.9%,0.0%,-9.8%,-19.4%,9.6%,"318,397",91.6%,x
California,2,D+22,Jared Huffman,D,"243,081","72,576",0,77.0%,23.0%,0.0%,54.0%,45.2%,8.8%,"348,791",90.5%,x
California,3,D+5,John Garamendi,D,"134,875","97,376",0,58.1%,41.9%,0.0%,16.1%,12.5%,3.6%,"263,803",88.0%,x
California,4,R+10,Tom McClintock,R,"156,253","184,401",0,45.9%,54.1%,0.0%,-8.3%,-14.5%,6.2%,"360,284",94.6%,x
California,5,D+21,Mike Thompson,D,"205,860",0,"55,158",78.9%,0.0%,21.1%,78.9%,44.6%,N/A,"306,625",85.1%,x
California,6,D+21,Doris Matsui,D,"201,939",0,0,100.0%,0.0%,0.0%,100.0%,44.0%,N/A,"248,121",81.4%,x
California,7,D+3,Ami Bera,D,"155,016","126,601",0,55.0%,45.0%,0.0%,10.1%,11.2%,-1.1%,"309,549",91.0%,x
California,8,R+9,Paul Cook,R,0,"170,785",0,0.0%,100.0%,0.0%,-100.0%,-15.1%,N/A,"232,930",73.3%,x
California,9,D+8,Jerry McNerney,D,"113,414","87,349",0,56.5%,43.5%,0.0%,13.0%,18.2%,-5.2%,"243,453",82.5%,x
California,10,EVEN,Josh Harder,D,"115,945","105,955",0,52.3%,47.7%,0.0%,4.5%,3.0%,1.5%,"243,067",91.3%,x
California,11,D+21,Mark DeSaulnier,D,"204,369","71,312",0,74.1%,25.9%,0.0%,48.3%,47.6%,0.7%,"320,522",86.0%,x
California,12,D+37,Nancy Pelosi,D,"275,292","41,780",0,86.8%,13.2%,0.0%,73.6%,76.6%,-3.0%,"362,965",87.4%,x
California,13,D+40,Barbara Lee,D,"260,580",0,"34,257",88.4%,0.0%,11.6%,88.4%,79.3%,N/A,"339,391",86.9%,x
California,14,D+27,Jackie Speier,D,"211,384","55,439",0,79.2%,20.8%,0.0%,58.4%,58.6%,-0.2%,"298,322",89.4%,x
California,15,D+20,Eric Swalwell,D,"177,989","65,940",0,73.0%,27.0%,0.0%,45.9%,44.9%,1.0%,"289,926",84.1%,x
California,16,D+9,Jim Costa,D,"82,266","60,693",0,57.5%,42.5%,0.0%,15.1%,21.3%,-6.2%,"172,088",83.1%,x
California,17,D+25,Ro Khanna,D,"159,105","52,057",0,75.3%,24.7%,0.0%,50.7%,53.2%,-2.5%,"249,775",84.5%,x
California,18,D+23,Anna Eshoo,D,"225,142","77,096",0,74.5%,25.5%,0.0%,49.0%,53.2%,-4.2%,"335,138",90.2%,x
California,19,D+24,Zoe Lofgren,D,"162,496","57,823",0,73.8%,26.2%,0.0%,47.5%,51.4%,-3.9%,"257,624",85.5%,x
California,20,D+23,Jimmy Panetta,D,"183,677",0,"42,044",81.4%,0.0%,18.6%,81.4%,46.8%,N/A,"258,177",87.4%,x
California,21,D+5,T.J. Cox,D,"57,239","56,377",0,50.4%,49.6%,0.0%,0.8%,15.4%,-14.6%,"134,881",84.2%,x
California,22,R+8,Devin Nunes,R,"105,136","117,243",0,47.3%,52.7%,0.0%,-5.4%,-9.3%,3.9%,"243,929",91.2%,x
California,23,R+14,Kevin McCarthy,R,"74,661","131,113",0,36.3%,63.7%,0.0%,-27.4%,-21.9%,-5.5%,"246,632",83.4%,x
California,24,D+7,Salud Carbajal,D,"166,550","117,881",0,58.6%,41.4%,0.0%,17.1%,19.9%,-2.8%,"316,384",89.9%,x
California,25,EVEN,Katie Hill,D,"133,209","111,813",0,54.4%,45.6%,0.0%,8.7%,6.6%,2.1%,"274,459",89.3%,x
California,26,D+7,Julia Brownley,D,"158,216","97,210",0,61.9%,38.1%,0.0%,23.9%,21.4%,2.5%,"298,769",85.5%,x
California,27,D+16,Judy Chu,D,"202,636",0,0,100.0%,0.0%,0.0%,100.0%,37.6%,N/A,"264,466",76.6%,x
California,28,D+23,Adam Schiff,D,"196,662","54,272",0,78.4%,21.6%,0.0%,56.7%,49.8%,6.9%,"289,254",86.8%,x
California,29,D+29,Tony Cardenas,D,"124,697","29,995",0,80.6%,19.4%,0.0%,61.2%,60.9%,0.3%,"196,196",78.8%,x
California,30,D+18,Brad Sherman,D,"191,573","69,420",0,73.4%,26.6%,0.0%,46.8%,43.4%,3.4%,"302,821",86.2%,x
California,31,D+8,Pete Aguilar,D,"110,143","77,352",0,58.7%,41.3%,0.0%,17.5%,21.1%,-3.6%,"228,825",81.9%,x
California,32,D+17,Grace Napolitano,D,"121,759","55,272",0,68.8%,31.2%,0.0%,37.6%,38.9%,-1.3%,"220,046",80.5%,x
California,33,D+16,Ted Lieu,D,"219,091","93,769",0,70.0%,30.0%,0.0%,40.1%,41.3%,-1.2%,"353,897",88.4%,x
California,34,D+35,Jimmy Gomez,D,"110,195",0,"41,711",72.5%,0.0%,27.5%,72.5%,72.8%,N/A,"184,601",82.3%,x
California,35,D+19,Norma Torres,D,"103,420","45,604",0,69.4%,30.6%,0.0%,38.8%,40.8%,-2.0%,"188,611",79.0%,x
California,36,D+2,Raul Ruiz,D,"122,169","84,839",0,59.0%,41.0%,0.0%,18.0%,8.7%,9.3%,"237,370",87.2%,x
California,37,D+37,Karen Bass,D,"210,555","25,823",0,89.1%,10.9%,0.0%,78.2%,76.1%,2.1%,"276,134",85.6%,x
California,38,D+17,Linda Sanchez,D,"139,188","62,968",0,68.9%,31.1%,0.0%,37.7%,39.5%,-1.8%,"248,271",81.4%,x
California,39,EVEN,Gil Cisneros,D,"126,002","118,391",0,51.6%,48.4%,0.0%,3.1%,8.5%,-5.4%,"274,379",89.1%,x
California,40,D+33,Lucille Roybal-Allard,D,"93,938",0,"27,511",77.3%,0.0%,22.7%,77.3%,69.5%,N/A,"164,714",73.7%,x
California,41,D+12,Mark Takano,D,"108,227","58,021",0,65.1%,34.9%,0.0%,30.2%,27.9%,2.3%,"206,961",80.3%,x
California,42,R+9,Ken Calvert,R,"100,892","131,040",0,43.5%,56.5%,0.0%,-13.0%,-12.0%,-1.0%,"268,305",86.4%,x
California,43,D+29,Maxine Waters,D,"152,272","43,780",0,77.7%,22.3%,0.0%,55.3%,61.7%,-6.4%,"234,060",83.8%,x
California,44,D+35,Nanette Barragan,D,"143,322",0,0,100.0%,0.0%,0.0%,100.0%,70.8%,N/A,"197,802",72.5%,x
California,45,R+3,Katie Porter,D,"158,906","146,383",0,52.1%,47.9%,0.0%,4.1%,5.4%,-1.3%,"329,144",92.8%,x
California,46,D+15,Lou Correa,D,"102,278","45,638",0,69.1%,30.9%,0.0%,38.3%,38.0%,0.3%,"182,597",81.0%,x
California,47,D+13,Alan Lowenthal,D,"143,354","77,682",0,64.9%,35.1%,0.0%,29.7%,31.5%,-1.8%,"259,263",85.3%,x
California,48,R+4,Harley Rouda,D,"157,837","136,899",0,53.6%,46.4%,0.0%,7.1%,1.7%,5.4%,"320,018",92.1%,x
California,49,R+1,Mike Levin,D,"166,453","128,577",0,56.4%,43.6%,0.0%,12.8%,7.5%,5.3%,"314,717",93.7%,x
California,50,R+11,Duncan Hunter,R,"125,448","134,362",0,48.3%,51.7%,0.0%,-3.4%,-15.0%,11.6%,"292,878",88.7%,x
California,51,D+22,Juan Vargas,D,"109,527","44,301",0,71.2%,28.8%,0.0%,42.4%,49.0%,-6.6%,"205,852",74.7%,x
California,52,D+6,Scott Peters,D,"188,992","107,015",0,63.8%,36.2%,0.0%,27.7%,22.6%,5.1%,"329,258",89.9%,x
California,53,D+14,Susan Davis,D,"185,667","83,127",0,69.1%,30.9%,0.0%,38.1%,34.9%,3.2%,"310,373",86.6%,x
Colorado,1,D+21,Diana DeGette,D,"272,886","85,207","11,622",73.8%,23.0%,3.1%,50.8%,45.8%,5.0%,"401,981",92.0%,x
Colorado,2,D+9,Joe Neguse,D,"259,608","144,901","26,256",60.3%,33.6%,6.1%,26.6%,21.3%,5.3%,"470,864",91.5%,x
Colorado,3,R+6,Scott Tipton,R,"146,426","173,205","16,570",43.6%,51.5%,4.9%,-8.0%,-11.9%,3.9%,"377,176",89.1%,x
Colorado,4,R+13,Ken Buck,R,"145,544","224,038",39,39.4%,60.6%,0.0%,-21.2%,-23.2%,2.0%,"402,203",91.9%,x
Colorado,5,R+14,Doug Lamborn,R,"126,848","184,002","11,866",39.3%,57.0%,3.7%,-17.7%,-23.9%,6.2%,"371,829",86.8%,x
Colorado,6,D+2,Jason Crow,D,"187,639","148,685","10,498",54.1%,42.9%,3.0%,11.2%,8.9%,2.3%,"380,530",91.1%,x
Colorado,7,D+6,Ed Perlmutter,D,"204,260","119,734","14,073",60.4%,35.4%,4.2%,25.0%,12.1%,12.9%,"371,934",90.9%,x
Connecticut,1,D+12,John Larson,D,"175,087","96,024","3,029",63.9%,35.0%,1.1%,28.8%,23.1%,5.7%,"329,238",83.3%,x
Connecticut,2,D+3,Joe Courtney,D,"179,731","102,483","6,900",62.2%,35.4%,2.4%,26.7%,2.9%,23.8%,"341,409",84.7%,x
Connecticut,3,D+9,Rosa DeLauro,D,"174,572","95,667",0,64.6%,35.4%,0.0%,29.2%,15.5%,13.7%,"322,281",83.9%,x
Connecticut,4,D+7,Jim Himes,D,"168,726","106,921",4,61.2%,38.8%,0.0%,22.4%,23.0%,-0.6%,"328,790",83.8%,x
Connecticut,5,D+2,Jahana Hayes,D,"151,225","119,426",13,55.9%,44.1%,0.0%,11.7%,4.1%,7.6%,"323,202",83.7%,x
Delaware,AL,D+6,Lisa Blunt Rochester,D,"227,353","125,384",0,64.5%,35.5%,0.0%,28.9%,11.4%,17.5%,"442,997",79.6%,x
Florida,1,R+22,Matt Gaetz,R,"106,199","216,189",0,32.9%,67.1%,0.0%,-34.1%,-39.3%,5.2%,"380,098",84.8%,x
Florida,2,R+18,Neal Dunn,R,"96,233","199,335",0,32.6%,67.4%,0.0%,-34.9%,-35.6%,0.7%,"354,956",83.3%,x
Florida,3,R+9,Ted Yoho,R,"129,880","176,616",0,42.4%,57.6%,0.0%,-15.2%,-16.0%,0.8%,"351,688",87.1%,x
Florida,4,R+17,John Rutherford,R,"123,351","248,420","9,478",32.4%,65.2%,2.5%,-32.8%,-28.0%,-4.8%,"421,712",90.4%,x
Florida,5,D+12,Al Lawson,D,"180,527","89,799",0,66.8%,33.2%,0.0%,33.6%,25.4%,8.2%,"311,972",86.7%,x
Florida,6,R+7,Michael Waltz,R,"145,758","187,891",0,43.7%,56.3%,0.0%,-12.6%,-17.0%,4.4%,"379,798",87.8%,x
Florida,7,EVEN,Stephanie Murphy,D,"183,113","134,285",0,57.7%,42.3%,0.0%,15.4%,7.3%,8.1%,"363,186",87.4%,x
Florida,8,R+11,Bill Posey,R,"142,415","218,112",0,39.5%,60.5%,0.0%,-21.0%,-20.7%,-0.3%,"401,911",89.7%,x
Florida,9,D+5,Darren Soto,D,"172,172","124,565",0,58.0%,42.0%,0.0%,16.0%,12.9%,3.1%,"356,530",83.2%,x
Florida,10,D+11,Val Demings,D,0,0,0,100.0%,0.0%,0.0%,100.0%,26.9%,N/A,"315,611",0.0%,x
Florida,11,R+15,Dan Webster,R,"128,053","239,395",58,34.8%,65.1%,0.0%,-30.3%,-32.3%,2.0%,"411,005",89.4%,x
Florida,12,R+8,Gus Bilirakis,R,"132,844","194,564","7,510",39.7%,58.1%,2.2%,-18.4%,-18.6%,0.2%,"380,363",88.1%,x
Florida,13,D+2,Charlie Crist,D,"182,717","134,254",0,57.6%,42.4%,0.0%,15.3%,3.2%,12.1%,"360,760",87.9%,x
Florida,14,D+7,Kathy Castor,D,0,0,0,100.0%,0.0%,0.0%,100.0%,18.2%,N/A,"330,427",0.0%,x
Florida,15,R+6,Ross Spano,R,"134,132","151,380",20,47.0%,53.0%,0.0%,-6.0%,-10.0%,4.0%,"334,514",85.4%,x
Florida,16,R+7,Vern Buchanan,R,"164,463","197,483",0,45.4%,54.6%,0.0%,-9.1%,-10.8%,1.7%,"396,807",91.2%,x
Florida,17,R+13,Greg Steube,R,"117,194","193,326",0,37.7%,62.3%,0.0%,-24.5%,-27.2%,2.7%,"353,861",87.8%,x
Florida,18,R+5,Brian Mast,R,"156,454","185,905",0,45.7%,54.3%,0.0%,-8.6%,-9.2%,0.6%,"382,476",89.5%,x
Florida,19,R+13,Francis Rooney,R,"128,106","211,465",36,37.7%,62.3%,0.0%,-24.5%,-22.1%,-2.4%,"381,184",89.1%,x
Florida,20,D+31,Alcee Hastings,D,"202,659",0,165,100.0%,0.0%,0.0%,100.0%,62.1%,N/A,"288,812",70.2%,x
Florida,21,D+9,Lois Frankel,D,0,0,0,100.0%,0.0%,0.0%,100.0%,19.5%,N/A,"351,663",0.0%,x
Florida,22,D+6,Ted Deutch,D,"184,634","113,049",0,62.0%,38.0%,0.0%,24.0%,15.7%,8.3%,"356,478",83.5%,x
Florida,23,D+11,Debbie Wasserman Schultz,D,"161,611","99,446","15,309",58.5%,36.0%,5.5%,22.5%,26.1%,-3.6%,"335,744",82.3%,x
Florida,24,D+34,Frederica Wilson,D,0,0,0,100.0%,0.0%,0.0%,100.0%,67.2%,N/A,"266,851",0.0%,x
Florida,25,R+4,Mario Diaz-Balart,R,"84,173","128,672",0,39.5%,60.5%,0.0%,-20.9%,-1.9%,-19.0%,"263,235",80.9%,x
Florida,26,D+6,Debbie Mucarsel-Powell,D,"119,797","115,678",0,50.9%,49.1%,0.0%,1.7%,16.3%,-14.6%,"289,209",81.4%,x
Florida,27,D+5,Donna Shalala,D,"130,743","115,588","6,255",51.8%,45.8%,2.5%,6.0%,19.7%,-13.7%,"299,037",84.5%,x
Georgia,1,R+9,Buddy Carter,R,"105,942","144,741",0,42.3%,57.7%,0.0%,-15.5%,-15.5%,0.0%,"269,568",93.0%,x
Georgia,2,D+6,Sanford Bishop,D,"136,699","92,472",0,59.6%,40.4%,0.0%,19.3%,11.7%,7.6%,"248,104",92.4%,x
Georgia,3,R+18,Drew Ferguson,R,"101,010","191,996",0,34.5%,65.5%,0.0%,-31.1%,-31.6%,0.5%,"311,864",94.0%,x
Georgia,4,D+24,Hank Johnson,D,"227,717","61,092",0,78.8%,21.2%,0.0%,57.7%,53.1%,4.6%,"298,663",96.7%,x
Georgia,5,D+34,John Lewis,D,"275,406",0,0,100.0%,0.0%,0.0%,100.0%,73.1%,N/A,"305,755",90.1%,x
Georgia,6,R+8,Lucy McBath,D,"160,139","156,875",18,50.5%,49.5%,0.0%,1.0%,-1.5%,2.5%,"331,262",95.7%,x
Georgia,7,R+9,Rob Woodall,R,"140,010","140,443",0,49.9%,50.1%,0.0%,-0.2%,-6.4%,6.2%,"294,972",95.1%,x
Georgia,8,R+15,Austin Scott,R,0,"198,152",564,0.0%,99.7%,0.3%,-99.7%,-28.9%,N/A,"265,514",74.8%,x
Georgia,9,R+31,Doug Collins,R,"57,912","224,661",5,20.5%,79.5%,0.0%,-59.0%,-58.5%,-0.5%,"297,215",95.1%,x
Georgia,10,R+15,Jody Hice,R,"112,339","190,396",0,37.1%,62.9%,0.0%,-25.8%,-25.5%,-0.3%,"315,073",96.1%,x
Georgia,11,R+17,Barry Loudermilk,R,"118,653","191,887",0,38.2%,61.8%,0.0%,-23.6%,-25.1%,1.5%,"329,312",94.3%,x
Georgia,12,R+9,Rick Allen,R,"101,503","148,986",3,40.5%,59.5%,0.0%,-19.0%,-16.2%,-2.8%,"267,675",93.6%,x
Georgia,13,D+20,David Scott,D,"223,157","69,760",93,76.2%,23.8%,0.0%,52.4%,44.5%,7.9%,"301,531",97.2%,x
Georgia,14,R+27,Tom Graves,R,"53,981","175,743",0,23.5%,76.5%,0.0%,-53.0%,-52.9%,-0.1%,"255,872",89.8%,x
Hawaii,1,D+17,Ed Case,D,"134,650","42,498","7,063",73.1%,23.1%,3.8%,50.0%,32.5%,17.5%,"209,300",88.0%,x
Hawaii,2,D+19,Tulsi Gabbard,D,"153,271","44,850",0,77.4%,22.6%,0.0%,54.7%,31.8%,22.9%,"219,637",90.2%,x
Idaho,1,R+21,Russ Fulcher,R,"96,922","197,719","20,428",30.8%,62.8%,6.5%,-32.0%,-38.3%,6.3%,"359,661",87.6%,x
Idaho,2,R+17,Mike Simpson,R,"110,381","170,274",0,39.3%,60.7%,0.0%,-21.3%,-24.7%,3.4%,"330,594",84.9%,x
Illinois,1,D+27,Bobby Rush,D,"189,560","50,960","17,365",73.5%,19.8%,6.7%,53.7%,53.2%,0.5%,"329,221",78.3%,x
Illinois,2,D+29,Robin Kelly,D,"190,684","44,567",0,81.1%,18.9%,0.0%,62.1%,58.6%,3.5%,"305,228",77.1%,x
Illinois,3,D+6,Dan Lipinski,D,"163,053","57,885","2,396",73.0%,25.9%,1.1%,47.1%,15.4%,31.7%,"286,582",77.9%,x
Illinois,4,D+33,Chuy Garcia,D,"143,895","22,294",0,86.6%,13.4%,0.0%,73.2%,68.3%,4.9%,"211,143",78.7%,x
Illinois,5,D+20,Mike Quigley,D,"213,992","65,134",5,76.7%,23.3%,0.0%,53.3%,46.0%,7.3%,"331,056",84.3%,x
Illinois,6,R+2,Sean Casten,D,"169,001","146,445",0,53.6%,46.4%,0.0%,7.2%,6.8%,0.4%,"355,920",88.6%,x
Illinois,7,D+38,Danny Davis,D,"215,746","30,497",0,87.6%,12.4%,0.0%,75.2%,77.3%,-2.1%,"313,933",78.4%,x
Illinois,8,D+8,Raja Krishnamoorthi,D,"130,054","67,073",0,66.0%,34.0%,0.0%,31.9%,21.6%,10.3%,"257,872",76.4%,x
Illinois,9,D+18,Jan Schakowsky,D,"213,368","76,983",0,73.5%,26.5%,0.0%,47.0%,44.5%,2.5%,"344,539",84.3%,x
Illinois,10,D+10,Brad Schneider,D,"156,540","82,124",0,65.6%,34.4%,0.0%,31.2%,28.9%,2.3%,"293,238",81.4%,x
Illinois,11,D+9,Bill Foster,D,"145,407","82,358",0,63.8%,36.2%,0.0%,27.7%,23.3%,4.4%,"282,906",80.5%,x
Illinois,12,R+5,Mike Bost,R,"118,724","134,884","7,935",45.4%,51.6%,3.0%,-6.2%,-14.8%,8.6%,"316,371",82.7%,x
Illinois,13,R+3,Rodney Davis,R,"134,458","136,516",7,49.6%,50.4%,0.0%,-0.8%,-5.3%,4.5%,"324,539",83.5%,x
Illinois,14,R+5,Lauren Underwood,D,"156,035","141,164",0,52.5%,47.5%,0.0%,5.0%,-4.0%,9.0%,"338,514",87.8%,x
Illinois,15,R+21,John Shimkus,R,"74,309","181,294",5,29.1%,70.9%,0.0%,-41.9%,-46.2%,4.3%,"320,524",79.7%,x
Illinois,16,R+8,Adam Kinzinger,R,"104,569","151,254",2,40.9%,59.1%,0.0%,-18.2%,-17.1%,-1.1%,"318,212",80.4%,x
Illinois,17,D+3,Cheri Bustos,D,"142,659","87,090",0,62.1%,37.9%,0.0%,24.2%,-0.7%,24.9%,"283,713",81.0%,x
Illinois,18,R+15,Darin LaHood,R,"95,486","195,927",0,32.8%,67.2%,0.0%,-34.5%,-27.3%,-7.2%,"345,450",84.4%,x
Indiana,1,D+8,Peter Visclosky,D,"159,611","85,594",4,65.1%,34.9%,0.0%,30.2%,12.5%,17.7%,"301,431",81.3%,x
Indiana,2,R+11,Jackie Walorski,R,"103,363","125,499",27,45.2%,54.8%,0.0%,-9.7%,-23.0%,13.3%,"277,734",82.4%,x
Indiana,3,R+18,Jim Banks,R,"86,610","158,927",0,35.3%,64.7%,0.0%,-29.5%,-34.8%,5.3%,"292,911",83.8%,x
Indiana,4,R+17,Jim Baird,R,"87,824","156,539",0,35.9%,64.1%,0.0%,-28.1%,-33.9%,5.8%,"304,049",80.4%,x
Indiana,5,R+9,Susan Brooks,R,"137,142","180,035",0,43.2%,56.8%,0.0%,-13.5%,-11.7%,-1.8%,"366,635",86.5%,x
Indiana,6,R+18,Greg Pence,R,"79,430","154,260","8,036",32.9%,63.8%,3.3%,-31.0%,-40.2%,9.2%,"302,405",88.5%,x
Indiana,7,D+11,Andre Carson,D,"141,139","76,457",233,64.8%,35.1%,0.1%,29.7%,22.5%,7.2%,"268,048",81.3%,x
Indiana,8,R+15,Larry Bucshon,R,"86,895","157,396",0,35.6%,64.4%,0.0%,-28.9%,-33.6%,4.7%,"301,334",81.1%,x
Indiana,9,R+13,Trey Hollingsworth,R,"118,090","153,271",0,43.5%,56.5%,0.0%,-13.0%,-26.8%,13.8%,"326,098",83.2%,x
Iowa,1,D+1,Abby Finkenauer,D,"170,342","153,442","10,459",51.0%,45.9%,3.1%,5.1%,-3.5%,8.6%,"395,633",84.5%,x
Iowa,2,D+1,Dave Loebsack,D,"171,446","133,287","8,180",54.8%,42.6%,2.6%,12.2%,-4.1%,16.3%,"384,495",81.4%,x
Iowa,3,R+1,Cindy Axne,D,"175,642","167,933","12,666",49.3%,47.1%,3.6%,2.2%,-3.5%,5.7%,"402,164",88.6%,x
Iowa,4,R+11,Steve King,R,"147,246","157,676","8,329",47.0%,50.3%,2.7%,-3.3%,-27.1%,23.8%,"383,739",81.6%,x
Kansas,1,R+24,Roger Marshall,R,"71,558","153,082",0,31.9%,68.1%,0.0%,-36.3%,-44.8%,8.5%,"265,883",84.5%,x
Kansas,2,R+10,Steve Watkins,R,"123,859","126,098","14,731",46.8%,47.6%,5.6%,-0.8%,-18.3%,17.5%,"296,810",89.2%,x
Kansas,3,R+4,Sharice Davids,D,"170,518","139,762","8,021",53.6%,43.9%,2.5%,9.7%,1.2%,8.5%,"344,468",92.4%,x
Kansas,4,R+15,Ron Estes,R,"98,445","144,248",0,40.6%,59.4%,0.0%,-18.9%,-27.0%,8.1%,"276,300",87.8%,x
Kentucky,1,R+23,James Comer,R,"78,849","172,167",0,31.4%,68.6%,0.0%,-37.2%,-48.5%,11.3%,"310,384",80.9%,x
Kentucky,2,R+19,Brett Guthrie,R,"79,964","171,700","5,681",31.1%,66.7%,2.2%,-35.6%,-39.9%,4.3%,"324,647",79.3%,x
Kentucky,3,D+6,John Yarmuth,D,"173,002","101,930","3,788",62.1%,36.6%,1.4%,25.5%,14.9%,10.6%,"340,045",82.0%,x
Kentucky,4,R+18,Thomas Massie,R,"90,536","162,946","8,330",34.6%,62.2%,3.2%,-27.7%,-35.9%,8.2%,"337,433",77.6%,x
Kentucky,5,R+31,Hal Rogers,R,"45,890","172,093",34,21.0%,78.9%,0.0%,-57.9%,-62.1%,4.2%,"278,451",78.3%,x
Kentucky,6,R+9,Andy Barr,R,"144,736","154,468","3,684",47.8%,51.0%,1.2%,-3.2%,-15.3%,12.1%,"333,174",90.9%,x
Louisiana,1,R+24,Steve Scalise,R,"71,521","192,555","5,249",26.6%,71.5%,1.9%,-44.9%,-42.2%,-2.7%,"354,783",75.9%,x
Louisiana,2,D+25,Cedric Richmond,D,"190,182",0,"45,800",80.6%,0.0%,19.4%,80.6%,52.7%,N/A,"329,648",71.6%,x
Louisiana,3,R+20,Clay Higgins,R,"74,713","168,263","2,967",30.4%,68.4%,1.2%,-38.0%,-38.1%,0.1%,"343,017",71.7%,x
Louisiana,4,R+13,Mike Johnson,R,"72,934","139,326","4,612",33.6%,64.2%,2.1%,-30.6%,-24.0%,-6.6%,"318,392",68.1%,x
Louisiana,5,R+15,Ralph Abraham,R,"67,118","149,018","7,810",30.0%,66.5%,3.5%,-36.6%,-29.4%,-7.2%,"323,222",69.3%,x
Louisiana,6,R+19,Garret Graves,R,"76,716","186,553","5,256",28.6%,69.5%,2.0%,-40.9%,-34.1%,-6.8%,"353,229",76.0%,x
Maine,1,D+8,Chellie Pingree,D,"201,195","111,188","29,670",58.8%,32.5%,8.7%,26.3%,14.8%,11.5%,"394,329",86.7%,x
Maine,2,R+2,Jared Golden,D,"142,440","138,931",0,50.6%,49.4%,0.0%,1.2%,-10.3%,11.5%,"353,416",79.6%,x
Maryland,1,R+14,Andy Harris,R,"116,631","183,662","5,893",38.1%,60.0%,1.9%,-21.9%,-25.1%,3.2%,"367,987",83.2%,x
Maryland,2,D+11,Dutch Ruppersberger,D,"167,201","77,782","8,319",66.0%,30.7%,3.3%,35.3%,21.0%,14.3%,"313,406",80.8%,x
Maryland,3,D+13,John Sarbanes,D,"202,407","82,774","7,699",69.1%,28.3%,2.6%,40.8%,30.9%,9.9%,"345,565",84.8%,x
Maryland,4,D+28,Anthony Brown,D,"209,642","53,327","5,614",78.1%,19.9%,2.1%,58.2%,57.1%,1.1%,"325,668",82.5%,x
Maryland,5,D+16,Steny Hoyer,D,"213,796","82,361","8,052",70.3%,27.1%,2.6%,43.2%,33.8%,9.4%,"365,068",83.3%,x
Maryland,6,D+6,David Trone,D,"163,346","105,209","8,529",59.0%,38.0%,3.1%,21.0%,15.4%,5.6%,"337,363",82.1%,x
Maryland,7,D+26,Elijah Cummings,D,"202,345","56,266","6,099",76.4%,21.3%,2.3%,55.2%,52.5%,2.7%,"323,954",81.7%,x
Maryland,8,D+14,Jamie Raskin,D,"217,679","96,525","5,126",68.2%,30.2%,1.6%,37.9%,33.3%,4.6%,"369,004",86.5%,x
Massachusetts,1,D+12,Richard Neal,D,"211,790",0,"5,110",97.6%,0.0%,2.4%,97.6%,20.3%,N/A,"344,412",63.0%,x
Massachusetts,2,D+9,Jim McGovern,D,"191,332","93,391",170,67.2%,32.8%,0.1%,34.4%,19.0%,15.4%,"357,395",79.7%,x
Massachusetts,3,D+9,Lori Trahan,D,"173,175","93,445","12,707",62.0%,33.5%,4.5%,28.5%,22.5%,6.0%,"354,367",78.8%,x
Massachusetts,4,D+9,Joe Kennedy,D,"245,289",0,"5,727",97.7%,0.0%,2.3%,97.7%,23.7%,N/A,"388,652",64.6%,x
Massachusetts,5,D+18,Katherine Clark,D,"236,243","74,856",225,75.9%,24.0%,0.1%,51.8%,42.9%,8.9%,"379,720",82.0%,x
Massachusetts,6,D+6,Seth Moulton,D,"217,703","104,798","11,474",65.2%,31.4%,3.4%,33.8%,17.6%,16.2%,"407,896",81.9%,x
Massachusetts,7,D+34,Ayanna Pressley,D,"216,559",0,"3,852",98.3%,0.0%,1.7%,98.3%,71.2%,N/A,"306,116",72.0%,x
Massachusetts,8,D+10,Stephen Lynch,D,"259,159",0,"4,148",98.4%,0.0%,1.6%,98.4%,25.6%,N/A,"389,135",67.7%,x
Massachusetts,9,D+4,Bill Keating,D,"192,347","131,463",118,59.4%,40.6%,0.0%,18.8%,10.6%,8.2%,"397,353",81.5%,x
Michigan,1,R+9,Jack Bergman,R,"145,246","187,251",0,43.7%,56.3%,0.0%,-12.6%,-21.3%,8.7%,"364,608",91.2%,x
Michigan,2,R+9,Bill Huizenga,R,"131,254","168,970","5,239",43.0%,55.3%,1.7%,-12.3%,-17.3%,5.0%,"350,571",87.1%,x
Michigan,3,R+6,Justin Amash,R,"134,185","169,107","7,448",43.2%,54.4%,2.4%,-11.2%,-9.4%,-1.8%,"349,707",88.9%,x
Michigan,4,R+10,John Moolenaar,R,"106,540","178,510",0,37.4%,62.6%,0.0%,-25.2%,-24.8%,-0.4%,"328,832",86.7%,x
Michigan,5,D+5,Daniel Kildee,D,"164,502","99,265","12,646",59.5%,35.9%,4.6%,23.6%,4.3%,19.3%,"327,971",84.3%,x
Michigan,6,R+4,Fred Upton,R,"134,082","147,436","11,920",45.7%,50.2%,4.1%,-4.6%,-8.4%,3.8%,"332,772",88.2%,x
Michigan,7,R+7,Tim Walberg,R,"136,330","158,730",0,46.2%,53.8%,0.0%,-7.6%,-17.0%,9.4%,"340,831",86.6%,x
Michigan,8,R+4,Elissa Slotkin,D,"172,880","159,782","8,931",50.6%,46.8%,2.6%,3.8%,-6.7%,10.5%,"377,432",90.5%,x
Michigan,9,D+4,Andy Levin,D,"181,734","112,123","10,706",59.7%,36.8%,3.5%,22.9%,7.7%,15.2%,"355,063",85.8%,x
Michigan,10,R+13,Paul Mitchell,R,"106,061","182,808","14,195",35.0%,60.3%,4.7%,-25.3%,-32.2%,6.9%,"357,907",84.7%,x
Michigan,11,R+4,Haley Stevens,D,"181,912","158,463","10,526",51.8%,45.2%,3.0%,6.7%,-4.4%,11.1%,"392,959",89.3%,x
Michigan,12,D+14,Debbie Dingell,D,"200,588","85,115","8,925",68.1%,28.9%,3.0%,39.2%,26.2%,13.0%,"340,042",86.6%,x
Michigan,13,D+32,Rashida Tlaib,D,"165,355",0,"30,944",84.2%,0.0%,15.8%,84.2%,60.6%,N/A,"265,457",73.9%,x
Michigan,14,D+30,Brenda Lawrence,D,"214,334","45,899","4,761",80.9%,17.3%,1.8%,63.6%,60.9%,2.7%,"318,900",83.1%,x
Minnesota,1,R+5,Jim Hagedorn,R,"144,885","146,200",576,49.7%,50.1%,0.2%,-0.5%,-14.8%,14.3%,"343,735",84.9%,x
Minnesota,2,R+2,Angie Craig ,D,"177,958","159,344",666,52.7%,47.1%,0.2%,5.5%,-1.2%,6.7%,"381,647",88.6%,x
Minnesota,3,D+1,Dean Phillips,D,"202,404","160,839",706,55.6%,44.2%,0.2%,11.4%,9.4%,2.0%,"401,670",90.6%,x
Minnesota,4,D+14,Betty McCollum,D,"216,865","97,747","14,003",66.0%,29.7%,4.3%,36.2%,30.6%,5.6%,"367,654",89.4%,x
Minnesota,5,D+26,Ilhan Omar,D,"267,703","74,440","1,215",78.0%,21.7%,0.4%,56.3%,54.7%,1.6%,"374,560",91.7%,x
Minnesota,6,R+12,Tom Emmer,R,"122,332","192,931",463,38.7%,61.1%,0.1%,-22.4%,-25.5%,3.1%,"373,920",84.4%,x
Minnesota,7,R+12,Collin Peterson,D,"146,672","134,668",169,52.1%,47.8%,0.1%,4.3%,-30.5%,34.8%,"339,286",83.0%,x
Minnesota,8,R+4,Pete Stauber,R,"141,950","159,364","12,897",45.2%,50.7%,4.1%,-5.5%,-15.5%,10.0%,"362,341",86.7%,x
Mississippi,1,R+16,Trent Kelly,R,"76,601","158,245","1,675",32.4%,66.9%,0.7%,-34.5%,-33.0%,-1.5%,"310,621",76.1%,x
Mississippi,2,D+14,Bennie Thompson,D,"158,921",0,"62,458",71.8%,0.0%,28.2%,71.8%,28.4%,N/A,"291,419",76.0%,x
Mississippi,3,R+13,Michael Guest,R,"94,461","160,284","2,526",36.7%,62.3%,1.0%,-25.6%,-24.5%,-1.1%,"323,862",79.4%,x
Mississippi,4,R+21,Steven Palazzo,R,"68,787","152,633","2,312",30.7%,68.2%,1.0%,-37.5%,-41.1%,3.6%,"283,455",78.9%,x
Missouri,1,D+29,Lacy Clay,D,"219,781","45,867","8,727",80.1%,16.7%,3.2%,63.4%,58.0%,5.4%,"320,522",85.6%,x
Missouri,2,R+8,Ann Wagner,R,"177,611","192,477","5,978",47.2%,51.2%,1.6%,-4.0%,-10.3%,6.3%,"421,541",89.2%,x
Missouri,3,R+18,Blaine Luetkemeyer,R,"106,589","211,243","6,776",32.8%,65.1%,2.1%,-32.2%,-39.0%,6.8%,"378,693",85.7%,x
Missouri,4,R+17,Vicky Hartzler,R,"95,968","190,138","7,210",32.7%,64.8%,2.5%,-32.1%,-35.8%,3.7%,"341,135",86.0%,x
Missouri,5,D+7,Emanuel Cleaver,D,"175,019","101,069","7,697",61.7%,35.6%,2.7%,26.1%,14.8%,11.3%,"327,471",86.7%,x
Missouri,6,R+16,Sam Graves,R,"97,660","199,796","7,953",32.0%,65.4%,2.6%,-33.4%,-32.3%,-1.1%,"356,840",85.6%,x
Missouri,7,R+23,Billy Long,R,"89,190","196,343","10,922",30.1%,66.2%,3.7%,-36.1%,-45.5%,9.4%,"343,078",86.4%,x
Missouri,8,R+24,Jason Smith,R,"66,151","194,042","4,206",25.0%,73.4%,1.6%,-48.4%,-54.2%,5.8%,"318,514",83.0%,x
Montana,AL,R+11,Greg Gianforte,R,"233,284","256,661","14,476",46.2%,50.9%,2.9%,-4.6%,-20.4%,15.8%,"497,119",101.5%,x
Nebraska,1,R+11,Jeff Fortenberry,R,"93,069","141,712",0,39.6%,60.4%,0.0%,-20.7%,-20.7%,0.0%,"282,363",83.1%,x
Nebraska,2,R+4,Don Bacon,R,"121,770","126,715",0,49.0%,51.0%,0.0%,-2.0%,-2.2%,0.2%,"291,680",85.2%,x
Nebraska,3,R+27,Adrian Smith,R,"49,654","163,650",0,23.3%,76.7%,0.0%,-53.4%,-54.2%,0.8%,"270,185",78.9%,x
Nevada,1,D+15,Dina Titus,D,"100,707","46,978","4,516",66.2%,30.9%,3.0%,35.3%,29.0%,6.3%,"196,841",77.3%,x
Nevada,2,R+7,Mark Amodei,R,"120,102","167,435",0,41.8%,58.2%,0.0%,-16.5%,-12.4%,-4.1%,"326,011",88.2%,x
Nevada,3,R+2,Susie Lee,D,"148,501","122,566","15,101",51.9%,42.8%,5.3%,9.1%,-1.0%,10.1%,"325,601",87.9%,x
Nevada,4,D+3,Steven Horsford ,D,"121,962","102,748","10,158",51.9%,43.7%,4.3%,8.2%,4.9%,3.3%,"276,932",84.8%,x
New Hampshire,1,R+2,Chris Pappas ,D,"155,891","131,015","4,160",53.6%,45.0%,1.4%,8.5%,-1.6%,10.1%,"377,574",77.1%,x
New Hampshire,2,D+2,Annie Kuster,D,"154,378","118,670","6,357",55.3%,42.5%,2.3%,12.8%,2.4%,10.4%,"366,722",76.2%,x
New Jersey,1,D+13,Donald Norcross,D,"169,628","87,617","6,173",64.4%,33.3%,2.3%,31.1%,24.5%,6.6%,"329,187",80.0%,x
New Jersey,2,R+1,Jeff Van Drew,D,"136,685","116,866","4,812",52.9%,45.2%,1.9%,7.7%,-4.6%,12.3%,"321,018",80.5%,x
New Jersey,3,R+2,Andy Kim,D,"153,473","149,500","3,902",50.0%,48.7%,1.3%,1.3%,-6.2%,7.5%,"365,276",84.0%,x
New Jersey,4,R+8,Chris Smith,R,"126,766","163,065","4,517",43.1%,55.4%,1.5%,-12.3%,-14.8%,2.5%,"356,593",82.5%,x
New Jersey,5,R+3,Josh Gottheimer,D,"169,546","128,255","4,022",56.2%,42.5%,1.3%,13.7%,-1.1%,14.8%,"364,545",82.8%,x
New Jersey,6,D+9,Frank Pallone,D,"140,752","80,443",0,63.6%,36.4%,0.0%,27.3%,15.6%,11.7%,"289,650",76.4%,x
New Jersey,7,R+3,Tom Malinowski,D,"166,985","150,785","4,972",51.7%,46.7%,1.5%,5.0%,1.1%,3.9%,"371,585",86.9%,x
New Jersey,8,D+27,Albio Sires,D,"119,881","28,725","4,849",78.1%,18.7%,3.2%,59.4%,54.2%,5.2%,"229,953",66.7%,x
New Jersey,9,D+16,Bill Pascrell,D,"140,832","57,854","1,730",70.3%,28.9%,0.9%,41.4%,31.2%,10.2%,"276,523",72.5%,x
New Jersey,10,D+36,Donald Payne Jr.,D,"175,253","20,191","4,715",87.6%,10.1%,2.4%,77.5%,72.4%,5.1%,"274,361",73.0%,x
New Jersey,11,R+3,Mikie Sherrill,D,"183,684","136,322","3,568",56.8%,42.1%,1.1%,14.6%,-0.9%,15.5%,"380,521",85.0%,x
New Jersey,12,D+16,Bonnie Watson Coleman,D,"173,334","79,041",0,68.7%,31.3%,0.0%,37.4%,33.2%,4.2%,"314,721",80.2%,x
New Mexico,1,D+7,Deb Haaland,D,"147,336","90,507","11,319",59.1%,36.3%,4.5%,22.8%,16.5%,6.3%,"285,170",87.4%,x
New Mexico,2,R+6,Xochitl Torres Small,D,"101,489","97,767",0,50.9%,49.1%,0.0%,1.9%,-10.2%,12.1%,"234,090",85.1%,x
New Mexico,3,D+8,Ben R. Lujan,D,"155,201","76,427","13,265",63.4%,31.2%,5.4%,32.2%,15.2%,17.0%,"279,058",87.8%,x
New York,1,R+5,Lee Zeldin,R,"127,991","139,027","2,988",47.4%,51.5%,1.1%,-4.1%,-12.2%,8.1%,"339,160",79.6%,x
New York,2,R+3,Peter King,R,"113,074","128,058",0,46.9%,53.1%,0.0%,-6.2%,-8.9%,2.7%,"315,405",76.5%,x
New York,3,D+1,Tom Suozzi,D,"157,456","109,514",0,59.0%,41.0%,0.0%,18.0%,6.1%,11.9%,"348,146",76.7%,x
New York,4,D+4,Kathleen Rice,D,"159,535","100,571",0,61.3%,38.7%,0.0%,22.7%,9.5%,13.2%,"339,434",76.6%,x
New York,5,D+37,Gregory Meeks,D,"160,500",0,0,100.0%,0.0%,0.0%,100.0%,72.8%,N/A,"247,766",64.8%,x
New York,6,D+16,Grace Meng,D,"111,646",0,"11,209",90.9%,0.0%,9.1%,90.9%,32.8%,N/A,"208,665",58.9%,x
New York,7,D+38,Nydia Velazquez,D,"146,687",0,"10,410",93.4%,0.0%,6.6%,93.4%,76.1%,N/A,"205,733",76.4%,x
New York,8,D+36,Hakeem Jeffries,D,"180,376",0,"11,028",94.2%,0.0%,5.8%,94.2%,70.8%,N/A,"256,102",74.7%,x
New York,9,D+34,Yvette Clarke,D,"181,455","20,901",779,89.3%,10.3%,0.4%,79.0%,68.6%,10.4%,"255,357",79.5%,x
New York,10,D+26,Jerrold Nadler,D,"173,095","37,619",0,82.1%,17.9%,0.0%,64.3%,58.9%,5.4%,"264,801",79.6%,x
New York,11,R+3,Max Rose,D,"101,823","89,441",774,53.0%,46.6%,0.4%,6.4%,-9.8%,16.2%,"250,083",76.8%,x
New York,12,D+31,Carolyn Maloney,D,"217,430","30,446","3,726",86.4%,12.1%,1.5%,74.3%,69.0%,5.3%,"310,302",81.1%,x
New York,13,D+43,Adriano Espaillat,D,"180,035","10,268",0,94.6%,5.4%,0.0%,89.2%,86.4%,2.8%,"253,675",75.0%,x
New York,14,D+29,Alexandria Ocasio-Cortez,D,"110,318","19,202","11,604",78.2%,13.6%,8.2%,64.6%,57.6%,7.0%,"195,883",72.0%,x
New York,15,D+44,Jose E. Serrano,D,"124,469","5,205",0,96.0%,4.0%,0.0%,92.0%,88.6%,3.4%,"191,894",67.6%,x
New York,16,D+24,Eliot Engel,D,"182,044",0,0,100.0%,0.0%,0.0%,100.0%,52.2%,N/A,"285,395",63.8%,x
New York,17,D+7,Nita Lowey,D,"170,168",0,"23,150",88.0%,0.0%,12.0%,88.0%,20.0%,N/A,"321,208",60.2%,x
New York,18,R+1,Sean Patrick Maloney,D,"139,564","112,035",0,55.5%,44.5%,0.0%,10.9%,-2.0%,12.9%,"312,199",80.6%,x
New York,19,R+2,Antonio Delgado,D,"147,873","132,873","7,148",51.4%,46.2%,2.5%,5.2%,-6.8%,12.0%,"322,826",89.2%,x
New York,20,D+7,Paul Tonko,D,"176,811","89,058",0,66.5%,33.5%,0.0%,33.0%,13.3%,19.7%,"329,220",80.8%,x
New York,21,R+4,Elise Stefanik,R,"99,791","131,981","3,437",42.4%,56.1%,1.5%,-13.7%,-13.7%,0.0%,"283,447",83.0%,x
New York,22,R+6,Anthony Brindisi,D,"127,715","123,242",0,50.9%,49.1%,0.0%,1.8%,-15.3%,17.1%,"293,033",85.6%,x
New York,23,R+6,Tom Reed,R,"109,932","130,323",0,45.8%,54.2%,0.0%,-8.5%,-14.7%,6.2%,"293,287",81.9%,x
New York,24,D+3,John Katko,R,"123,226","136,920",0,47.4%,52.6%,0.0%,-5.3%,3.6%,-8.9%,"310,431",83.8%,x
New York,25,D+8,Joe Morelle,D,"159,244","110,736",0,59.0%,41.0%,0.0%,18.0%,16.2%,1.8%,"333,384",81.0%,x
New York,26,D+11,Brian Higgins,D,"169,166","61,488",5,73.3%,26.7%,0.0%,46.7%,19.6%,27.1%,"305,135",75.6%,x
New York,27,R+11,Chris Collins,R,"139,059","140,146","5,973",48.8%,49.1%,2.1%,-0.4%,-24.3%,23.9%,"348,933",81.7%,x
North Carolina,1,D+17,G.K. Butterfield,D,"190,457","82,218",0,69.8%,30.2%,0.0%,39.7%,37.4%,2.3%,"361,229",75.5%,x
North Carolina,2,R+7,George Holding,R,"151,977","170,072","9,655",45.8%,51.3%,2.9%,-5.5%,-11.5%,6.0%,"397,196",83.5%,x
North Carolina,3,R+12,Walter Jones,R,0,"187,901",0,0.0%,100.0%,0.0%,-100.0%,-24.0%,N/A,"330,774",56.8%,x
North Carolina,4,D+17,David Price,D,"247,067","82,052","12,284",72.4%,24.0%,3.6%,48.3%,40.3%,8.0%,"423,656",80.6%,x
North Carolina,5,R+10,Virginia Foxx,R,"120,468","159,917",0,43.0%,57.0%,0.0%,-14.1%,-17.3%,3.2%,"362,862",77.3%,x
North Carolina,6,R+9,Mark Walker,R,"123,651","160,709",0,43.5%,56.5%,0.0%,-13.0%,-14.6%,1.6%,"362,448",78.5%,x
North Carolina,7,R+9,David Rouzer,R,"120,838","156,809","4,665",42.8%,55.5%,1.7%,-12.7%,-17.7%,5.0%,"361,079",78.2%,x
North Carolina,8,R+8,Richard Hudson,R,"114,119","141,402",0,44.7%,55.3%,0.0%,-10.7%,-14.8%,4.1%,"334,724",76.3%,x
North Carolina,9,R+8,,,"138,341","139,246","5,130",48.9%,49.3%,1.8%,-0.3%,-12.0%,11.7%,"347,478",81.4%,
North Carolina,10,R+12,Patrick McHenry,R,"113,259","164,969",0,40.7%,59.3%,0.0%,-18.6%,-24.0%,5.4%,"361,149",77.0%,x
North Carolina,11,R+14,Mark Meadows,R,"116,508","178,012","6,146",38.7%,59.2%,2.0%,-20.5%,-29.1%,8.6%,"368,712",81.5%,x
North Carolina,12,D+18,Alma Adams,D,"203,974","75,164",0,73.1%,26.9%,0.0%,46.1%,39.8%,6.3%,"362,147",77.1%,x
North Carolina,13,R+6,Ted Budd,R,"130,402","147,570","8,344",45.5%,51.5%,2.9%,-6.0%,-9.2%,3.2%,"368,114",77.8%,x
North Dakota,AL,R+16,Kelly Armstrong,R,"114,377","193,568","13,587",35.6%,60.2%,4.2%,-24.6%,-35.7%,11.1%,"344,360",93.4%,x
Ohio,1,R+5,Steve Chabot,R,"141,118","154,409","5,344",46.9%,51.3%,1.8%,-4.4%,-6.6%,2.2%,"362,141",83.1%,x
Ohio,2,R+9,Brad Wenstrup,R,"119,333","166,714","3,614",41.2%,57.6%,1.2%,-16.4%,-16.0%,-0.4%,"355,991",81.4%,x
Ohio,3,D+19,Joyce Beatty,D,"181,575","65,040",62,73.6%,26.4%,0.0%,47.2%,38.9%,8.3%,"314,301",78.5%,x
Ohio,4,R+14,Jim Jordan,R,"89,412","167,993",0,34.7%,65.3%,0.0%,-30.5%,-33.4%,2.9%,"326,550",78.8%,x
Ohio,5,R+11,Bob Latta,R,"99,655","176,569","7,393",35.1%,62.3%,2.6%,-27.1%,-24.9%,-2.2%,"361,856",78.4%,x
Ohio,6,R+16,Bill Johnson,R,"76,716","172,774",0,30.7%,69.3%,0.0%,-38.5%,-42.3%,3.8%,"322,137",77.4%,x
Ohio,7,R+12,Bob Gibbs,R,"107,536","153,117",0,41.3%,58.7%,0.0%,-17.5%,-29.6%,12.1%,"329,676",79.1%,x
Ohio,8,R+17,Warren Davidson,R,"87,281","173,852",0,33.4%,66.6%,0.0%,-33.2%,-34.3%,1.1%,"345,230",75.6%,x
Ohio,9,D+14,Marcy Kaptur,D,"157,219","74,670",48,67.8%,32.2%,0.0%,35.6%,22.2%,13.4%,"301,656",76.9%,x
Ohio,10,R+4,Mike Turner,R,"118,785","157,554","5,387",42.2%,55.9%,1.9%,-13.8%,-7.2%,-6.6%,"350,299",80.4%,x
Ohio,11,D+32,Marcia Fudge,D,"206,138","44,486",36,82.2%,17.7%,0.0%,64.5%,63.5%,1.0%,"323,308",77.5%,x
Ohio,12,R+7,Troy Balderson,R,"161,251","175,677","4,719",47.2%,51.4%,1.4%,-4.2%,-11.4%,7.2%,"388,602",87.9%,x
Ohio,13,D+7,Tim Ryan,D,"153,323","98,047",0,61.0%,39.0%,0.0%,22.0%,6.5%,15.5%,"319,864",78.6%,x
Ohio,14,R+5,David Joyce,R,"137,549","169,809",0,44.8%,55.2%,0.0%,-10.5%,-11.4%,0.9%,"370,746",82.9%,x
Ohio,15,R+7,Steve Stivers,R,"116,112","170,593","5,738",39.7%,58.3%,2.0%,-18.6%,-15.6%,-3.0%,"356,990",81.9%,x
Ohio,16,R+8,Anthony Gonzalez,R,"129,681","170,029",0,43.3%,56.7%,0.0%,-13.5%,-16.6%,3.1%,"369,434",81.1%,x
Oklahoma,1,R+17,Kevin Hern,R,"103,042","150,129",0,40.7%,59.3%,0.0%,-18.6%,-28.8%,10.2%,"311,506",81.3%,x
Oklahoma,2,R+24,Markwayne Mullin,R,"65,021","140,451","10,530",30.1%,65.0%,4.9%,-34.9%,-50.1%,15.2%,"271,844",79.5%,x
Oklahoma,3,R+27,Frank Lucas,R,"61,152","172,913",0,26.1%,73.9%,0.0%,-47.7%,-52.8%,5.1%,"293,417",79.8%,x
Oklahoma,4,R+20,Tom Cole,R,"78,088","149,227","9,323",33.0%,63.1%,3.9%,-30.1%,-37.2%,7.1%,"295,464",80.1%,x
Oklahoma,5,R+10,Kendra Horn,D,"121,149","117,811",0,50.7%,49.3%,0.0%,1.4%,-13.7%,15.1%,"280,761",85.1%,x
Oregon,1,D+9,Suzanne Bonamici,D,"231,198","116,446","15,605",63.6%,32.1%,4.3%,31.6%,21.9%,9.7%,"398,968",91.0%,x
Oregon,2,R+11,Greg Walden,R,"145,298","207,597","15,814",39.4%,56.3%,4.3%,-16.9%,-19.4%,2.5%,"394,121",93.6%,x
Oregon,3,D+24,Earl Blumenauer,D,"279,019","76,187","29,120",72.6%,19.8%,7.6%,52.8%,46.7%,6.1%,"412,761",93.1%,x
Oregon,4,EVEN,Peter DeFazio,D,"208,710","152,414","11,769",56.0%,40.9%,3.2%,15.1%,0.1%,15.0%,"406,334",91.8%,x
Oregon,5,EVEN,Kurt Schrader,D,"197,187","149,887","11,395",55.0%,41.8%,3.2%,13.2%,4.1%,9.1%,"389,153",92.1%,x
Pennsylvania,1,R+1,Brian Fitzpatrick,R,"160,745","169,053",0,48.7%,51.3%,0.0%,-2.5%,2.0%,-4.5%,"385,727",85.5%,x
Pennsylvania,2,D+25,Brendan Boyle,D,"159,600","42,382",0,79.0%,21.0%,0.0%,58.0%,48.0%,10.0%,"283,972",71.1%,x
Pennsylvania,3,D+41,Dwight Evans,D,"287,610","20,387",0,93.4%,6.6%,0.0%,86.8%,83.9%,2.9%,"373,594",82.4%,x
Pennsylvania,4,D+7,Madeleine Dean,D,"211,524","121,467",0,63.5%,36.5%,0.0%,27.0%,19.4%,7.6%,"382,477",87.1%,x
Pennsylvania,5,D+13,Mary Gay Scanlon,D,"198,639","106,075",0,65.2%,34.8%,0.0%,30.4%,28.2%,2.2%,"367,453",82.9%,x
Pennsylvania,6,D+2,Chrissy Houlahan,D,"177,704","124,124",0,58.9%,41.1%,0.0%,17.8%,9.3%,8.5%,"353,374",85.4%,x
Pennsylvania,7,D+1,Susan Wild,D,"140,813","114,437","8,011",53.5%,43.5%,3.0%,10.0%,1.1%,8.9%,"329,510",79.9%,x
Pennsylvania,8,R+1,Matt Cartwright,D,"135,603","112,563",0,54.6%,45.4%,0.0%,9.3%,-9.5%,18.8%,"310,154",80.0%,x
Pennsylvania,9,R+14,Dan Meuser,R,"100,204","148,723",0,40.3%,59.7%,0.0%,-19.5%,-34.0%,14.5%,"315,463",78.9%,x
Pennsylvania,10,R+6,Scott Perry,R,"141,668","149,365",0,48.7%,51.3%,0.0%,-2.6%,-8.9%,6.3%,"346,108",84.1%,x
Pennsylvania,11,R+14,Lloyd Smucker,R,"113,876","163,708",0,41.0%,59.0%,0.0%,-18.0%,-25.8%,7.8%,"332,899",83.4%,x
Pennsylvania,12,R+17,Tom Marino,R,"82,825","161,047",0,34.0%,66.0%,0.0%,-32.1%,-36.5%,4.4%,"306,841",79.5%,x
Pennsylvania,13,R+22,John Joyce,R,"74,733","178,533",0,29.5%,70.5%,0.0%,-41.0%,-45.5%,4.5%,"319,516",79.3%,x
Pennsylvania,14,R+14,Guy Reschenthaler,R,"110,051","151,386",0,42.1%,57.9%,0.0%,-15.8%,-29.0%,13.2%,"333,028",78.5%,x
Pennsylvania,15,R+20,Glenn Thompson,R,"78,327","165,245",0,32.2%,67.8%,0.0%,-35.7%,-43.4%,7.7%,"308,943",78.8%,x
Pennsylvania,16,R+8,Mike Kelly,R,"124,109","135,348","2,939",47.3%,51.6%,1.1%,-4.3%,-19.9%,15.6%,"323,079",81.2%,x
Pennsylvania,17,R+3,Conor Lamb,D,"183,162","142,417",0,56.3%,43.7%,0.0%,12.5%,-2.5%,15.0%,"380,743",85.5%,x
Pennsylvania,18,D+13,Mike Doyle,D,"231,472",0,0,100.0%,0.0%,0.0%,100.0%,26.8%,N/A,"361,913",64.0%,x
Rhode Island,1,D+14,David Cicilline,D,"116,099","57,567",417,66.7%,33.1%,0.2%,33.6%,24.9%,8.7%,"219,493",79.3%,x
Rhode Island,2,D+6,Jim Langevin,D,"126,476","72,271",450,63.5%,36.3%,0.2%,27.2%,6.8%,20.4%,"243,211",81.9%,x
South Carolina,1,R+10,Joe Cunningham,D,"145,455","141,473",505,50.6%,49.2%,0.2%,1.4%,-12.7%,14.1%,"336,570",85.4%,x
South Carolina,2,R+12,Joe Wilson,R,"109,199","144,642","3,298",42.5%,56.3%,1.3%,-13.8%,-18.6%,4.8%,"311,355",82.6%,x
South Carolina,3,R+19,Jeff Duncan,R,"70,046","153,338","2,820",31.0%,67.8%,1.2%,-36.8%,-38.0%,1.2%,"283,968",79.7%,x
South Carolina,4,R+15,William Timmons,R,"89,182","145,321","9,447",36.6%,59.6%,3.9%,-23.0%,-25.6%,2.6%,"303,659",80.3%,x
South Carolina,5,R+9,Ralph Norman,R,"103,129","141,757","3,693",41.5%,57.0%,1.5%,-15.5%,-18.5%,3.0%,"306,561",81.1%,x
South Carolina,6,D+19,Jim Clyburn,D,"144,765","58,282","3,386",70.1%,28.2%,1.6%,41.9%,37.4%,4.5%,"264,993",77.9%,x
South Carolina,7,R+9,Tom Rice,R,"96,564","142,681",309,40.3%,59.6%,0.1%,-19.3%,-18.7%,-0.6%,"299,421",80.0%,x
South Dakota,AL,R+14,Dusty Johnson,R,"121,033","202,695","12,237",36.0%,60.3%,3.6%,-24.3%,-29.8%,5.5%,"370,093",90.8%,x
Tennessee,1,R+28,Phil Roe,R,"47,138","172,835","4,309",21.0%,77.1%,1.9%,-56.0%,-56.8%,0.8%,"266,419",84.2%,x
Tennessee,2,R+20,Tim Burchett,R,"86,668","172,856","2,609",33.1%,65.9%,1.0%,-32.9%,-35.2%,2.3%,"292,087",89.7%,x
Tennessee,3,R+18,Chuck Fleischmann,R,"84,731","156,512","4,522",34.5%,63.7%,1.8%,-29.2%,-35.0%,5.8%,"278,072",88.4%,x
Tennessee,4,R+20,Scott DesJarlais,R,"78,065","147,323","7,063",33.6%,63.4%,3.0%,-29.8%,-40.9%,11.1%,"278,304",83.5%,x
Tennessee,5,D+7,Jim Cooper,D,"177,923","84,317",8,67.8%,32.2%,0.0%,35.7%,18.2%,17.5%,"279,441",93.8%,x
Tennessee,6,R+24,John Rose,R,"70,370","172,810","5,560",28.3%,69.5%,2.2%,-41.2%,-48.8%,7.6%,"299,210",83.1%,x
Tennessee,7,R+20,Mark Green,R,"81,661","170,071","2,652",32.1%,66.9%,1.0%,-34.8%,-39.0%,4.2%,"293,684",86.6%,x
Tennessee,8,R+19,David Kustoff,R,"74,755","168,030","5,560",30.1%,67.7%,2.2%,-37.6%,-35.4%,-2.2%,"298,758",83.1%,x
Tennessee,9,D+28,Steve Cohen,D,"145,139","34,901","1,436",80.0%,19.2%,0.8%,60.7%,57.3%,3.4%,"224,115",81.0%,x
Texas,1,R+25,Louie Gohmert,R,"61,263","168,165","3,292",26.3%,72.3%,1.4%,-45.9%,-46.6%,0.7%,"264,551",88.0%,x
Texas,2,R+11,Dan Crenshaw,R,"119,992","139,188","4,212",45.6%,52.8%,1.6%,-7.3%,-9.2%,1.9%,"279,891",94.1%,x
Texas,3,R+13,Van Taylor,R,"138,234","169,520","4,757",44.2%,54.2%,1.5%,-10.0%,-13.9%,3.9%,"324,304",96.4%,x
Texas,4,R+28,John Ratcliffe,R,"57,400","188,667","3,178",23.0%,75.7%,1.3%,-52.7%,-53.2%,0.5%,"281,123",88.7%,x
Texas,5,R+16,Lance Gooden,R,"78,666","130,617",224,37.5%,62.3%,0.1%,-24.8%,-28.3%,3.5%,"233,340",89.8%,x
Texas,6,R+9,Ron Wright,R,"116,350","135,961","3,731",45.4%,53.1%,1.5%,-7.7%,-12.2%,4.5%,"276,953",92.4%,x
Texas,7,R+7,Lizzie Fletcher,D,"127,959","115,642",0,52.5%,47.5%,0.0%,5.1%,1.4%,3.7%,"258,953",94.1%,x
Texas,8,R+28,Kevin Brady,R,"67,930","200,619","4,621",24.9%,73.4%,1.7%,-48.6%,-48.3%,-0.3%,"298,315",91.6%,x
Texas,9,D+29,Al Green,D,"136,256",0,"16,745",89.1%,0.0%,10.9%,89.1%,61.2%,N/A,"191,513",79.9%,x
Texas,10,R+9,Michael McCaul,R,"144,034","157,166","6,627",46.8%,51.1%,2.2%,-4.3%,-9.1%,4.8%,"317,561",96.9%,x
Texas,11,R+32,Mike Conaway,R,"40,631","176,603","3,143",18.4%,80.1%,1.4%,-61.7%,-58.5%,-3.2%,"249,682",88.3%,x
Texas,12,R+18,Kay Granger,R,"90,994","172,557","4,940",33.9%,64.3%,1.8%,-30.4%,-30.0%,-0.4%,"285,007",94.2%,x
Texas,13,R+33,Mac Thornberry,R,"35,083","169,027","3,175",16.9%,81.5%,1.5%,-64.6%,-62.8%,-1.8%,"239,860",86.4%,x
Texas,14,R+12,Randy Weber,R,"92,212","138,942","3,374",39.3%,59.2%,1.4%,-19.9%,-19.7%,-0.2%,"264,338",88.7%,x
Texas,15,D+7,Vicente Gonzalez,D,"98,333","63,862","2,607",59.7%,38.8%,1.6%,20.9%,16.6%,4.3%,"185,819",88.7%,x
Texas,16,D+17,Veronica Escobar,D,"124,437","49,127","8,190",68.5%,27.0%,4.5%,41.4%,40.3%,1.1%,"194,603",93.4%,x
Texas,17,R+12,Bill Flores,R,"98,070","134,841","4,440",41.3%,56.8%,1.9%,-15.5%,-17.3%,1.8%,"250,189",94.9%,x
Texas,18,D+27,Sheila Jackson Lee,D,"138,704","38,368","7,260",75.2%,20.8%,3.9%,54.4%,56.3%,-1.9%,"206,135",89.4%,x
Texas,19,R+27,Jodey Arrington,R,"50,039","151,946",0,24.8%,75.2%,0.0%,-50.5%,-48.7%,-1.8%,"229,585",88.0%,x
Texas,20,D+10,Joaquin Castro,D,"139,038",0,"32,925",80.9%,0.0%,19.1%,80.9%,26.4%,N/A,"219,982",78.2%,x
Texas,21,R+10,Chip Roy,R,"168,421","177,654","7,542",47.6%,50.2%,2.1%,-2.6%,-9.9%,7.3%,"362,694",97.5%,x
Texas,22,R+10,Pete Olson,R,"138,153","152,750","6,502",46.5%,51.4%,2.2%,-4.9%,-7.8%,2.9%,"308,653",96.4%,x
Texas,23,R+1,Will Hurd,R,"102,359","103,285","4,425",48.7%,49.2%,2.1%,-0.4%,3.5%,-3.9%,"233,136",90.1%,x
Texas,24,R+9,Kenny Marchant,R,"125,231","133,317","4,870",47.5%,50.6%,1.8%,-3.1%,-6.2%,3.1%,"277,497",94.9%,x
Texas,25,R+11,Roger Williams,R,"136,385","163,023","5,145",44.8%,53.5%,1.7%,-8.7%,-14.7%,6.0%,"315,361",96.6%,x
Texas,26,R+18,Michael Burgess,R,"121,938","185,551","5,016",39.0%,59.4%,1.6%,-20.4%,-26.2%,5.8%,"322,035",97.0%,x
Texas,27,R+13,Michael Cloud,R,"75,929","125,118","6,374",36.6%,60.3%,3.1%,-23.7%,-23.4%,-0.3%,"235,405",88.1%,x
Texas,28,D+9,Henry Cuellar,D,"117,494",0,"21,732",84.4%,0.0%,15.6%,84.4%,19.7%,N/A,"190,247",73.2%,x
Texas,29,D+19,Sylvia Garcia,D,"88,188","28,098","1,208",75.1%,23.9%,1.0%,51.1%,45.6%,5.5%,"133,934",87.7%,x
Texas,30,D+29,Eddie Bernice Johnson,D,"166,784",0,"16,390",91.1%,0.0%,8.9%,91.1%,60.8%,N/A,"220,711",83.0%,x
Texas,31,R+10,John Carter,R,"136,362","144,680","4,965",47.7%,50.6%,1.7%,-2.9%,-12.5%,9.6%,"292,427",97.8%,x
Texas,32,R+5,Colin Allred,D,"144,067","126,101","5,452",52.3%,45.8%,2.0%,6.5%,1.9%,4.6%,"278,463",99.0%,x
Texas,33,D+23,Marc Veasey,D,"90,805","26,120","2,299",76.2%,21.9%,1.9%,54.3%,49.1%,5.2%,"129,867",91.8%,x
Texas,34,D+10,Filemon Vela,D,"85,825","57,243",0,60.0%,40.0%,0.0%,20.0%,21.5%,-1.5%,"172,183",83.1%,x
Texas,35,D+15,Lloyd Doggett,D,"138,278","50,553","5,236",71.3%,26.0%,2.7%,45.2%,33.3%,11.9%,"202,033",96.1%,x
Texas,36,R+26,Brian Babin,R,"60,908","161,048",0,27.4%,72.6%,0.0%,-45.1%,-46.5%,1.4%,"255,510",86.9%,x
Utah,1,R+26,Rob Bishop,R,"63,308","156,692","34,333",24.9%,61.6%,13.5%,-36.7%,-27.4%,-9.3%,"280,453",90.7%,x
Utah,2,R+16,Chris Stewart,R,"105,051","151,489","13,504",38.9%,56.1%,5.0%,-17.2%,-14.0%,-3.2%,"283,693",95.2%,x
Utah,3,R+25,John Curtis,R,"70,686","174,856","13,316",27.3%,67.5%,5.1%,-40.2%,-23.9%,-16.3%,"289,925",89.3%,x
Utah,4,R+13,Ben McAdams,D,"134,964","134,270",37,50.1%,49.9%,0.0%,0.3%,-6.7%,7.0%,"277,318",97.1%,x
Vermont,AL,D+15,Peter Welch,D,"188,547","70,705","13,199",69.2%,26.0%,4.8%,43.3%,26.4%,16.9%,"315,077",86.5%,x
Virginia,1,R+8,Rob Wittman,R,"148,464","183,250",387,44.7%,55.2%,0.1%,-10.5%,-12.4%,1.9%,"395,784",83.9%,x
Virginia,2,R+3,Elaine Luria,D,"139,571","133,458",371,51.1%,48.8%,0.1%,2.2%,-3.4%,5.6%,"326,766",83.7%,x
Virginia,3,D+16,Bobby Scott,D,"198,615",0,"19,107",91.2%,0.0%,8.8%,91.2%,31.5%,N/A,"325,478",66.9%,x
Virginia,4,D+10,Don McEachin,D,"187,642","107,706","4,506",62.6%,35.9%,1.5%,26.7%,21.4%,5.3%,"364,550",82.3%,x
Virginia,5,R+6,Denver Riggleman,R,"145,040","165,339",547,46.6%,53.2%,0.2%,-6.5%,-11.0%,4.5%,"367,564",84.6%,x
Virginia,6,R+13,Ben Cline,R,"113,133","167,957",287,40.2%,59.7%,0.1%,-19.5%,-24.6%,5.1%,"347,830",80.9%,x
Virginia,7,R+6,Abigail Spanberger,D,"176,079","169,295","4,429",50.3%,48.4%,1.3%,1.9%,-6.5%,8.4%,"394,763",88.6%,x
Virginia,8,D+21,Don Beyer,D,"247,137","76,899",712,76.1%,23.7%,0.2%,52.4%,51.8%,0.6%,"373,446",87.0%,x
Virginia,9,R+19,Morgan Griffith,R,"85,833","160,933",214,34.8%,65.2%,0.1%,-30.4%,-41.3%,10.9%,"318,350",77.6%,x
Virginia,10,D+1,Jennifer Wexton,D,"206,356","160,841",598,56.1%,43.7%,0.2%,12.4%,9.8%,2.6%,"408,608",90.0%,x
Virginia,11,D+15,Gerry Connolly,D,"219,191","83,023","6,051",71.1%,26.9%,2.0%,44.2%,38.9%,5.3%,"361,492",85.3%,x
Washington,1,D+6,Suzan DelBene,D,"197,209","135,534",0,59.3%,40.7%,0.0%,18.5%,16.4%,2.1%,"347,060",95.9%,x
Washington,2,D+10,Rick Larsen,D,"210,187",0,"84,646",71.3%,0.0%,28.7%,71.3%,22.1%,N/A,"327,533",90.0%,x
Washington,3,R+4,Jaime Herrera Beutler,R,"145,407","161,819",0,47.3%,52.7%,0.0%,-5.3%,-7.4%,2.1%,"315,150",97.5%,x
Washington,4,R+13,Dan Newhouse,R,"83,785","141,551",0,37.2%,62.8%,0.0%,-25.6%,-22.9%,-2.7%,"242,666",92.9%,x
Washington,5,R+8,Cathy McMorris Rodgers,R,"144,925","175,422",0,45.2%,54.8%,0.0%,-9.5%,-13.0%,3.5%,"319,560",100.2%,x
Washington,6,D+6,Derek Kilmer,D,"206,409","116,677",0,63.9%,36.1%,0.0%,27.8%,12.4%,15.4%,"333,450",96.9%,x
Washington,7,D+33,Pramila Jayapal,D,"329,800","64,881",0,83.6%,16.4%,0.0%,67.1%,69.8%,-2.7%,"415,979",94.9%,x
Washington,8,EVEN,Kim Schrier,D,"164,089","148,968",0,52.4%,47.6%,0.0%,4.8%,3.0%,1.8%,"320,558",97.7%,x
Washington,9,D+21,Adam Smith,D,"240,567",0,0,100.0%,0.0%,0.0%,100.0%,47.1%,N/A,"291,632",82.5%,x
Washington,10,D+5,Denny Heck,D,"166,215","103,860",0,61.5%,38.5%,0.0%,23.1%,11.3%,11.8%,"294,847",91.6%,x
West Virginia,1,R+19,David McKinley,R,"70,217","127,997",0,35.4%,64.6%,0.0%,-29.2%,-41.6%,12.4%,"243,894",81.3%,x
West Virginia,2,R+17,Alex Mooney,R,"88,011","110,504","6,277",43.0%,54.0%,3.1%,-11.0%,-36.4%,25.4%,"250,267",81.8%,x
West Virginia,3,R+23,Carol Miller,R,"76,340","98,645",0,43.6%,56.4%,0.0%,-12.7%,-49.3%,36.6%,"218,890",79.9%,x
Wisconsin,1,R+5,Bryan Steil ,R,"137,508","177,492","10,013",42.3%,54.6%,3.1%,-12.3%,-10.3%,-2.0%,"359,815",90.3%,x
Wisconsin,2,D+18,Mark Pocan,D,"309,116",0,38,100.0%,0.0%,0.0%,100.0%,36.3%,N/A,"418,192",73.9%,x
Wisconsin,3,EVEN,Ron Kind,D,"187,888","126,980",0,59.7%,40.3%,0.0%,19.3%,-4.5%,23.8%,"363,271",86.7%,x
Wisconsin,4,D+25,Gwen Moore,D,"206,487","59,091","7,170",75.7%,21.7%,2.6%,54.0%,51.5%,2.5%,"312,481",87.3%,x
Wisconsin,5,R+13,Jim Sensenbrenner,R,"138,385","225,619",1,38.0%,62.0%,0.0%,-24.0%,-19.8%,-4.2%,"405,647",89.7%,x
Wisconsin,6,R+8,Glenn Grothman,R,"144,536","180,311",0,44.5%,55.5%,0.0%,-11.0%,-16.6%,5.6%,"371,109",87.5%,x
Wisconsin,7,R+8,Sean Duffy,R,"124,307","194,061","4,419",38.5%,60.1%,1.4%,-21.6%,-20.3%,-1.3%,"373,201",86.5%,x
Wisconsin,8,R+7,Mike Gallagher,R,"119,265","209,410",0,36.3%,63.7%,0.0%,-27.4%,-17.4%,-10.0%,"372,434",88.3%,x
Wyoming,AL,R+25,Liz Cheney,R,"59,903","127,963","13,379",29.8%,63.6%,6.6%,-33.8%,-46.3%,12.5%,"255,849",78.7%,x