District,rep_party_2012,GOP2012_percent,DEM2012_percent,GOP_margin_2012,winning_party_2012,rep_party_2014,GOP2014_percent,DEM2014_percent,GOP_margin_2014,open_seat_2014,winning_party_2014,rep_party_2016,GOP2016_percent,DEM2016_percent,GOP_margin_2016,winning_party_2016,rep_party_2018,GOP2018_percent,DEM2018_percent,GOP_margin_2018,winning_party_2018,COOK_PVI,Pct_white,Pct_black,Pct_latino,Pct_asian_and_pacific_islander,Pct_native_american,Pct_other_race,Percent_bach_degree ,Percent_whiteBA,median_income,Percent_noncollege_white,PRES_GOP_MARGIN_2016,PRES_GOP_MARGIN_2012,PRES_GOP_MARGIN_2008,CITYLAB_CDI
AKAL,R,69.1,30.9,38.2,R,R,51,41,10,,R,R,50.3,36,14.3,R,GOP,54,46,8,R,9,67.9,3.1,5.4,5,13,5.6,29.6,36.7,76440,42.9,15.17,14.12,21.65,Pure rural
AL1,D,100,0,100,R,R,68.2,31.7,36.5,,R,R,96.4,0,96.4,R,GOP,63.3,36.7,26.6,R,15,68.7,26.5,1.8,0.9,1,1.1,24,27.7,47083,49.6,29.42,24.45,22.48,Rural-suburban mix
AL2,R,63.7,36.3,27.4,R,R,67.3,32.6,34.7,,R,R,48.8,40.5,8.3,R,GOP,61.5,38.5,23,R,16,66.1,29.9,1.8,0.7,0.4,1.1,21.8,24.2,42035,50.1,31.93,26.47,29.46,Pure rural
AL3,R,64.1,35.9,28.2,R,R,66.1,33.7,32.4,,R,R,66.9,32.9,34,R,GOP,63.8,36.2,27.6,R,16,71.4,25.1,1.7,0.7,0.3,0.9,22.8,23.7,46544,54.4,32.96,25.48,25.97,Pure rural
AL4,R,74.1,25.9,48.2,R,R,98.6,0,98.6,,R,R,98.5,0,98.5,R,GOP,79.9,20.1,59.8,R,30,88.8,6.9,1.8,0.5,0.7,1.3,17,17.8,41110,73,62.92,50.86,47.77,Pure rural
AL5,R,65,35,30,R,R,74.4,0,74.4,,R,R,66.7,33.2,33.5,R,GOP,61.1,38.9,22.2,R,18,77.3,17.1,2.2,1.1,0.6,1.6,30.3,31,51690,53.3,33.37,29.02,26.23,Rural-suburban mix
AL6,D,71.3,28.7,42.6,R,R,76.2,23.7,52.5,,R,R,74.5,25.4,49.1,R,GOP,69.3,30.7,38.6,R,26,81.8,14.4,1.6,1,0.2,0.9,36.7,38.2,61413,50.5,44.68,49.64,49.1,Rural-suburban mix
AL7,D,24.1,75.9,-51.8,D,D,0,98.4,-98.4,,D,D,0,98.4,-98.4,D,DEM,0,100,-100,D,20,35.6,62.1,1.1,0.4,0.1,0.8,19.4,28.5,34664,25.4,-41.15,-45.29,-43.35,Rural-suburban mix
AR1,R,59,41,18,R,R,63.3,32.4,30.9,,R,R,76.3,0,76.3,R,GOP,71.3,28.7,42.6,R,17,79.6,16.9,1.8,0.3,0.4,1.1,16.5,17.6,40492,65.6,34.81,24.64,18.79,Pure rural
AR2,R,58.3,41.7,16.6,R,Open-Used to be GOP,51.9,43.6,8.3,,R,R,58.3,36.8,21.5,R,GOP,54.2,45.8,8.4,R,7,73.7,21.2,2.4,1,0.3,1.4,30,32.5,49498,49.7,10.72,11.83,9.49,Rural-suburban mix
AR3,R,100,0,100,R,R,79.4,0,79.4,,R,R,77.3,0,77.3,R,GOP,67.5,32.5,35,R,19,86.2,2.9,5.9,1.9,1.1,2,26.9,28.8,47903,61.3,31.43,33.88,29.99,Rural-suburban mix
AR4,Open Post-Redistrict,61.9,38.1,23.8,R,Open-Used to be GOP,53.7,42.6,11.1,,R,R,74.9,0,74.9,R,GOP,68.7,31.3,37.4,R,17,76.5,19.1,2.2,0.4,0.6,1.2,15.8,17,39586,63.4,32.83,25.95,22.54,Pure rural
AZ1,Open Post-Redistrict,48.1,51.9,-3.8,D,D,47.4,52.6,-5.2,,D,Open-Used to be Dem,43.4,50.7,-7.3,D,DEM,46.2,53.8,-7.6,D,2,56.1,2.2,17.1,1.3,21.8,1.6,24.5,34.2,50537,36.8,1.07,2.52,3.16,Pure rural
AZ2,D,49.6,50.4,-0.8,D,D,50,49.9,0.1,,R,R,57,43,14,R,DEM,45.6,54.4,-8.8,D,1,70,3.6,21.1,2.5,0.9,1.8,34,38.8,49072,42.8,-4.9,1.56,0.93,Dense suburban
AZ3,D,38.9,61.1,-22.2,D,D,44.2,55.7,-11.5,,D,D,0,88.1,-88.1,D,DEM,36.6,63.4,-26.8,D,-13,37.5,5,51.1,1.7,3.5,1.3,16.5,26.9,44224,27.3,-29.92,-24.5,-17.45,Dense suburban
AZ4,R,70.2,29.8,40.4,R,R,70,25.8,44.2,,R,R,71.5,28.5,43,R,GOP,69.5,30.5,39,R,21,81.8,1.7,12.6,1.1,1.5,1.4,19.2,20.5,49466,64.9,40.15,36.18,29.8,Rural-suburban mix
AZ5,Open Post-Redistrict,67.2,32.8,34.4,R,R,69.6,30.4,39.2,,R,Open-Used to be GOP,64.1,35.9,28.2,R,GOP,59.4,40.6,18.8,R,15,78,2.9,13.3,3.7,0.8,1.4,36,37.5,71693,48.7,21.12,29.21,26.35,Dense suburban
AZ6,R,64.8,35.2,29.6,R,R,64.9,35.1,29.8,,R,R,62.1,37.9,24.2,R,GOP,55.3,44.7,10.6,R,9,81.4,2.5,10.3,3,1.4,1.4,45.4,48.5,67830,41.9,9.98,20.7,16.53,Dense suburban
AZ7,D,0,100,-100,D,Open-Used to be Dem,0,74.9,-74.9,,D,D,24.7,75.2,-50.5,D,DEM,14.3,85.7,-71.4,D,-23,33.9,12.1,47.1,2.5,2.9,1.4,14,26.5,40991,24.9,-49.1,-45.19,-30.63,Urban-suburban mix
AZ8,R,64.4,35.6,28.8,R,R,75.8,0,75.8,,R,R,68.5,0,68.5,R,GOP,55.6,44.4,11.2,R,13,76.2,4.2,14.6,2.7,0.7,1.5,29.4,31.3,61754,52.3,21.13,24.81,22.18,Dense suburban
AZ9,Open Post-Redistrict,47.8,52.2,-4.4,D,D,41.9,54.7,-12.8,,D,D,39,60.9,-21.9,D,DEM,39.1,60.9,-21.8,D,-4,67.9,5.3,18.7,3.6,2.7,1.9,37.5,44.7,55349,37.4,-16.22,-4.53,-3.89,Urban-suburban mix
CA1,Open Post-Redistrict,57.4,42.6,14.8,R,R,61,39,22,,R,R,59.1,40.9,18.2,R,GOP,55.4,44.6,10.8,R,11,82.7,1.5,9.4,2.2,1.5,2.7,23.7,25.7,47488,61.4,19.63,16.29,11.2,Rural-suburban mix
CA10,R,52.7,47.3,5.4,R,R,56.1,43.9,12.2,,R,R,51.7,48.3,3.4,R,DEM,48.7,51.3,-2.6,D,0,55.6,3.5,30.8,6.8,0.5,2.8,16.6,21,60235,43.8,-3,-3.61,-2.7,Dense suburban
CA11,D,30.3,69.7,-39.4,D,Open-Used to be Dem,32.7,67.3,-34.6,,D,D,27.9,72.1,-44.2,D,DEM,26.8,73.2,-46.4,D,-21,57.6,9.5,16,13.3,0.3,3.4,43.6,56.5,86000,25,-48.85,-37.68,-40.4,Urban-suburban mix
CA12,D,14.9,85.1,-70.2,D,D,16.7,83.3,-66.6,,D,D,0,80.9,-80.9,D,DEM,13.2,86.8,-73.6,D,-37,49.5,5.7,11,30.7,0.2,3,59.5,78.1,105918,10.8,-77.5,-71.62,-71,Pure urban
CA13,D,0,100,-100,D,D,11.5,88.5,-77,,D,D,9.2,90.8,-81.6,D,DEM,11.6,88.4,-76.8,D,-40,42,19.8,13.6,20.2,0.4,3.9,47.2,70.8,73601,12.2,-80.55,-78.55,-77.2,Pure urban
CA14,D,21.1,78.9,-57.8,D,D,23.3,76.7,-53.4,,D,D,19.1,80.9,-61.8,D,DEM,22.5,77.5,-55,D,-27,42.9,3.6,17.3,33.2,0.2,2.7,47.5,56.9,103850,18.4,-58.7,-50.67,-49.8,Urban-suburban mix
CA15,Open Post-Redistrict,0,100,-100,D,D,30.2,69.8,-39.6,,D,D,26.2,73.8,-47.6,D,DEM,27.5,72.5,-45,D,-20,43.9,7,17.1,28.7,0.3,3,45,47.1,106291,23.2,-45.74,-38.18,-36.9,Urban-suburban mix
CA16,D,42.6,57.4,-14.8,D,D,49.3,50.7,-1.4,,D,D,42,58,-16,D,DEM,45.5,54.5,-9,D,-9,34.6,7.6,46.1,9.3,0.6,1.8,12.2,21.3,40207,27.1,-21.59,-19.19,-17.2,Dense suburban
CA17,D,26.5,73.5,-47,D,D,0,100,-100,,D,Open-Used to be Dem,0,100,-100,D,DEM,24.9,75.1,-50.2,D,-25,34.5,3.1,14.2,45.4,0.3,2.5,57,54.4,121150,15.7,-53.43,-46.39,-41,Pure urban
CA18,D,29.5,70.5,-41,D,D,32.2,67.8,-35.6,,D,D,28.9,71.1,-42.2,D,DEM,26.3,73.7,-47.4,D,-23,65.2,2,11.7,18.3,0.2,2.6,61.5,65.1,125790,22.7,-53.17,-39.31,-42.9,Urban-suburban mix
CA19,D,26.8,73.2,-46.4,D,D,0,100,-100,,D,D,26.1,73.9,-47.8,D,DEM,26.6,73.4,-46.8,D,-24,34.2,3.4,30.9,28.7,0.3,2.5,35.5,48.8,93139,17.5,-51.41,-44.69,-38.7,Urban-suburban mix
CA2,Open Post-Redistrict,28.8,71.2,-42.4,D,D,25,75,-50,,D,D,23.1,76.9,-53.8,D,DEM,23.9,76.1,-52.2,D,-22,80.6,1.6,9.7,3.4,1.8,2.9,40.8,45.9,66604,43.5,-45.69,-42.08,-46,Rural-suburban mix
CA20,D,25.9,74.1,-48.2,D,D,0,75.2,-75.2,,D,Open-Used to be Dem,29.2,70.8,-41.6,D,DEM,20.3,79.7,-59.4,D,-23,54.5,2.6,33.8,6,0.3,2.7,27.9,43.5,67419,30.7,-47.13,-44.7,-45.8,Urban-suburban mix
CA21,Open Post-Redistrict,57.8,42.2,15.6,R,R,57.8,42.2,15.6,,R,R,56.7,43.3,13.4,R,DEM,51.5,48.5,3,D,-5,29.1,6.3,58.7,3.8,0.7,1.5,7.9,19.5,41174,23.3,-15.58,-11.1,-5.8,Rural-suburban mix
CA22,R,61.9,38.1,23.8,R,R,72,28,44,,R,R,67.6,32.4,35.2,R,GOP,55.1,44.9,10.2,R,8,51.7,3.2,35.6,7.1,0.5,1.8,24.1,31.6,56524,35.3,9.49,15.01,13,Dense suburban
CA23,R,100,0,100,R,R,74.8,25.2,49.6,,R,R,69.2,30.8,38.4,R,GOP,65.1,34.9,30.2,R,14,57.1,6.6,29.1,4.4,0.7,2.1,20.8,24.6,54437,42.9,22.07,25.38,24.7,Dense suburban
CA24,D,44.9,55.1,-10.2,D,D,48.1,51.9,-3.8,,D,Open-Used to be Dem,46.6,53.4,-6.8,D,DEM,43.4,56.6,-13.2,D,-7,68,2.2,22.7,4.5,0.4,2.2,34,44.8,68929,37.5,-20.21,-10.97,-15.5,Sparse suburban
CA25,R,54.8,45.2,9.6,R,Open-Used to be GOP,100,0,100,,R,R,53.1,46.9,6.2,R,DEM,47.4,52.6,-5.2,D,0,52.4,8.1,29,7.7,0.3,2.5,27.8,33.3,75367,34.9,-6.68,1.81,-0.6,Dense suburban
CA26,Open Post-Redistrict,47.3,52.7,-5.4,D,D,48.7,51.3,-2.6,,D,D,39.6,60.4,-20.8,D,DEM,39.9,60.1,-20.2,D,-7,57,2.1,32,6.6,0.3,2,34.1,46.3,76914,30.6,-21.84,-10.26,-15.1,Dense suburban
CA27,D,36,64,-28,D,D,40.6,59.4,-18.8,,D,D,32.6,67.4,-34.8,D,DEM,20.9,79.1,-58.2,D,-16,33.5,5.4,24.5,34.7,0.2,1.7,40.5,53.1,71223,15.6,-37.65,-27.62,-25.5,Urban-suburban mix
CA28,D,23.5,76.5,-53,D,D,0,76.5,-76.5,,D,D,22,78,-56,D,DEM,22.6,77.4,-54.8,D,-23,62.1,3.3,19.9,12.1,0.2,2.5,46.2,51.6,63940,29.9,-49.8,-43.76,-43.8,Pure urban
CA29,Open Post-Redistrict,0,100,-100,D,D,25.4,74.6,-49.2,,D,D,0,100,-100,D,DEM,20.3,79.7,-59.4,D,-29,28.3,5.4,55.3,9.4,0.3,1.2,19.2,34.5,50655,18.4,-60.94,-56.51,-51.3,Pure urban
CA3,D,45.8,54.2,-8.4,D,D,47.3,52.7,-5.4,,D,D,40.6,59.4,-18.8,D,DEM,42.6,57.4,-14.8,D,-5,58.8,6.8,19.6,10.5,0.8,3.5,25.1,28.5,61508,41.9,-12.6,-11.21,-12.6,Rural-suburban mix
CA30,D,0,100,-100,D,D,34.4,65.6,-31.2,,D,D,27.4,72.6,-45.2,D,DEM,27.5,72.5,-45,D,-18,59.7,5.2,21,11.5,0.2,2.4,42.4,49.3,76778,30.2,-43.41,-33.17,-34.9,Urban-suburban mix
CA31,R,100,0,100,R,Open-Used to be GOP,48.3,51.7,-3.4,,D,D,43.9,56.1,-12.2,D,DEM,42.5,57.5,-15,D,-8,35.2,12,43.3,7.2,0.3,2.1,22.7,33.7,58668,23.2,-21.09,-16.59,-14.9,Dense suburban
CA32,D,34.3,65.7,-31.4,D,D,40.3,59.7,-19.4,,D,D,0,100,-100,D,DEM,32.6,67.4,-34.8,D,-17,22.6,3.5,54.3,18.1,0.3,1.3,21.4,30.6,67101,15.6,-38.87,-32.71,-27.5,Urban-suburban mix
CA33,D,46,54,-8,D,Open-Used to be Dem,40.8,59.2,-18.4,,D,D,33.6,66.4,-32.8,D,DEM,30.8,69.2,-38.4,D,-16,71.1,2.9,11,11.9,0.2,2.9,65.4,68.1,101956,22.6,-41.33,-23.83,-31.2,Urban-suburban mix
CA34,D,14.4,85.6,-71.2,D,D,0,100,-100,,D,D,0,100,-100,D,DEM,26.6,73.4,-46.8,D,-35,17.9,7.1,51,22.2,0.3,1.5,25.4,59.4,40847,7.2,-72.85,-68.82,-58.4,Pure urban
CA35,D,0,100,-100,D,Open-Used to be Dem,0,100,-100,,D,D,27.6,72.4,-44.8,D,DEM,32,68,-36,D,-19,21.8,8.8,59.8,7.3,0.3,2,16.1,23.8,57159,16.5,-40.79,-36.82,-31.8,Urban-suburban mix
CA36,R,47.1,52.9,-5.8,D,D,45.8,54.2,-8.4,,D,D,37.9,62.1,-24.2,D,DEM,42.9,57.1,-14.2,D,-2,55.8,4.6,34.4,3.1,0.6,1.5,20.6,29.8,44567,39.1,-8.74,-3.17,-3.1,Dense suburban
CA37,D,13.6,86.4,-72.8,D,D,15.7,84.3,-68.6,,D,D,0,100,-100,D,DEM,11.3,88.7,-77.4,D,-37,32.3,29.5,25.7,10,0.2,2.4,36.9,66.6,55190,10.7,-76.05,-72.18,-71.5,Pure urban
CA38,D,32.5,67.5,-35,D,D,40.9,59.1,-18.2,,D,D,29.5,70.5,-41,D,DEM,32.6,67.4,-34.8,D,-17,22.8,4.4,55.4,15.9,0.4,1.1,23.5,25.6,66421,16.8,-39.56,-31.91,-25.9,Pure urban
CA39,R,57.8,42.2,15.6,R,R,68.5,31.5,37,,R,R,57.2,42.8,14.4,R,DEM,50,50,0,D,0,39.6,2.5,27.2,28.5,0.2,2,41.6,43.7,85188,22.2,-8.61,3.66,2.1,Dense suburban
CA4,R,61.1,38.9,22.2,R,R,100,0,100,,R,R,62.7,37.3,25.4,R,GOP,54.8,45.2,9.6,R,10,82.3,1.3,9.1,4,0.9,2.4,33.3,33.7,74074,54.5,14.75,18.34,11.3,Rural-suburban mix
CA40,D,0,100,-100,D,D,0,100,-100,,D,D,0,71.4,-71.4,D,DEM,22.3,77.7,-55.4,D,-33,8.7,7.9,79,3.7,0.2,0.5,9.8,24.6,42902,6.5,-69.45,-64.96,-57.5,Pure urban
CA41,Open Post-Redistrict,41,59,-18,D,D,43.4,56.6,-13.2,,D,D,35,65,-30,D,DEM,38.9,61.1,-22.2,D,-12,33.6,11.2,46.6,6.1,0.4,2,18.3,28.2,62069,24,-27.87,-25.2,-20.5,Dense suburban
CA42,R,60.6,39.4,21.2,R,R,65.7,34.3,31.4,,R,R,58.8,41.2,17.6,R,GOP,58.9,41.1,17.8,R,9,52.2,5.9,30,9,0.4,2.5,25,27.4,76504,37.8,11.95,15.15,10.9,Sparse suburban
CA43,D,0,100,-100,D,D,29,71,-42,,D,D,23.9,76.1,-52.2,D,DEM,23.6,76.4,-52.8,D,-29,20.6,28.7,33.9,13.8,0.2,2.8,26.5,46.2,54614,11,-61.69,-57.99,-53.4,Pure urban
CA44,D,0,100,-100,D,D,0,86.7,-86.7,,D,Open-Used to be Dem,0,100,-100,D,DEM,30.5,69.5,-39,D,-35,10.9,22.5,56.8,7.8,0.3,1.7,12.3,26.5,50890,8,-70.77,-71.06,-65.2,Pure urban
CA45,R,58.5,41.5,17,R,Open-Used to be GOP,65.1,34.9,30.2,,R,R,58.6,41.4,17.2,R,DEM,49.2,50.8,-1.6,D,3,60.9,1.9,14.2,20.4,0.2,2.5,56,56.5,97356,26.4,-5.44,11.76,4.3,Urban-suburban mix
CA46,D,36.1,63.9,-27.8,D,D,40.3,59.7,-19.4,,D,Open-Used to be Dem,0,100,-100,D,DEM,33.8,66.2,-32.4,D,-15,31.6,2.2,47.8,16.8,0.2,1.3,18.7,31,61304,21.7,-38.37,-25.23,-19.2,Pure urban
CA47,Open Post-Redistrict,43.4,56.6,-13.2,D,D,44,56,-12,,D,D,36.3,63.7,-27.4,D,DEM,36.5,63.5,-27,D,-13,41.5,8.3,24.7,22.5,0.4,2.6,32,43.2,65450,23.5,-31.58,-22.57,-19.3,Pure urban
CA48,R,61,39,22,R,R,64.1,35.9,28.2,,R,R,58.3,41.7,16.6,R,DEM,47.7,52.3,-4.6,D,4,64.1,1.3,14.3,18,0.3,2.1,44.6,52.2,88903,30.6,-1.71,11.68,4.9,Urban-suburban mix
CA49,R,58.2,41.8,16.4,R,R,60.2,39.8,20.4,,R,R,50.3,49.7,0.6,R,DEM,44.9,55.1,-10.2,D,1,70.3,2.8,18.1,6.3,0.3,2.2,44,52,80877,33.7,-7.49,6.59,-1.1,Dense suburban
CA5,D,25.5,74.5,-49,D,D,0,75.7,-75.7,,D,D,23.1,76.9,-53.8,D,DEM,21.7,78.3,-56.6,D,-21,61.8,6.6,16.8,11,0.5,3.3,31.2,37.5,73006,38.5,-44.87,-42.29,-44.2,Dense suburban
CA50,R,67.7,32.3,35.4,R,R,71.2,28.8,42.4,,R,R,63.5,36.5,27,R,GOP,52.8,47.2,5.6,R,11,67.3,2.9,20.8,5.7,0.8,2.5,28.2,33.5,71692,44.7,15.01,22.85,18.9,Dense suburban
CA51,Open Post-Redistrict,28.5,71.5,-43,D,D,31.2,68.8,-37.6,,D,D,27.2,72.8,-45.6,D,DEM,30.9,69.1,-38.2,D,-22,20.7,8.5,59.3,9.4,0.5,1.5,14.1,26.6,46639,15.2,-49.06,-40.5,-33.3,Urban-suburban mix
CA52,R,48.8,51.2,-2.4,D,D,48.4,51.6,-3.2,,D,D,43.5,56.5,-13,D,DEM,36.9,63.1,-26.2,D,-6,66,3.2,11.9,15.9,0.3,2.7,57.4,61.2,90854,25.5,-22.56,-6.41,-12.1,Urban-suburban mix
CA53,D,38.6,61.4,-22.8,D,D,41.2,58.8,-17.6,,D,D,33,67,-34,D,DEM,32.2,67.8,-35.6,D,-14,48.9,8.3,26.6,12.9,0.3,3,37.8,48.1,69314,25.3,-34.93,-25.01,-24.3,Urban-suburban mix
CA6,D,24.9,75.1,-50.2,D,D,27.3,72.7,-45.4,,D,D,24.6,75.4,-50.8,D,DEM,19.1,80.9,-61.8,D,-21,46.3,13.6,20.2,15.8,0.5,3.7,27.5,36.6,51932,29.2,-44.75,-40.86,-38.3,Urban-suburban mix
CA7,R,48.3,51.7,-3.4,D,D,49.6,50.4,-0.8,,D,D,48.8,51.2,-2.4,D,DEM,45.7,54.3,-8.6,D,-3,61.6,7.6,13,13.7,0.5,3.5,32.9,34.1,68735,40.5,-11.45,-3.94,-5.5,Dense suburban
CA8,Open Post-Redistrict,100,0,100,R,R,67.6,32.4,35.2,,R,R,62.3,37.7,24.6,R,GOP,60.2,39.8,20.4,R,9,56.2,8,29.8,3.1,0.9,1.9,17.1,20.6,49194,44.5,15.13,13.97,13.2,Rural-suburban mix
CA9,D,44.4,55.6,-11.2,D,D,47.6,52.4,-4.8,,D,D,42.6,57.4,-14.8,D,DEM,44.6,55.4,-10.8,D,-8,45.7,9.7,27.3,13.9,0.4,3,19.1,24.4,61454,34.4,-18.57,-17.71,-15.5,Dense suburban
CO1,D,28.2,71.8,-43.6,D,D,29,65.8,-36.8,,D,D,27.7,67.9,-40.2,D,DEM,28.3,71.7,-43.4,D,-21,68.9,8.2,18,2.5,0.6,1.9,47.6,60.5,62718,27.2,-45.79,-40.15,-43.25,Urban-suburban mix
CO2,D,40.9,59.1,-18.2,D,D,43.3,56.7,-13.4,,D,D,37.2,56.9,-19.7,D,DEM,40,60,-20,D,-9,88.1,0.8,7.2,2.1,0.3,1.5,54.3,56.8,75659,38,-21.26,-18.41,-24.03,Sparse suburban
CO3,R,56.5,43.5,13,R,R,58,35.7,22.3,,R,R,54.6,40.3,14.3,R,GOP,56.6,43.4,13.2,R,6,77.6,0.8,18.3,0.7,1.4,1.2,29.2,34,50817,51.2,11.91,6.03,1.44,Pure rural
CO4,R,61.4,38.6,22.8,R,Open-Used to be GOP,64.7,29.2,35.5,,R,R,63.5,31.7,31.8,R,GOP,60.9,39.1,21.8,R,13,80.1,1.3,15.5,1.3,0.6,1.3,34.9,39.4,67878,48.5,23.16,19.28,14.42,Rural-suburban mix
CO5,R,100,0,100,R,R,59.8,40.2,19.6,,R,R,62.3,30.9,31.4,R,GOP,61.7,38.3,23.4,R,14,77.6,5.4,11.6,2.2,0.4,2.8,37,40.9,62372,45.8,23.94,20.81,19.07,Dense suburban
CO6,R,51.1,48.9,2.2,R,R,51.9,43,8.9,,R,R,50.9,42.6,8.3,R,DEM,45.9,54.1,-8.2,D,-2,72.3,8.5,12.3,4.4,0.4,2.1,41.8,49.4,76451,36.5,-8.93,-5.06,-8.71,Dense suburban
CO7,D,43.3,56.7,-13.4,D,D,44.9,55.1,-10.2,,D,D,39.8,55.2,-15.4,D,DEM,39.7,60.3,-20.6,D,-6,74.3,1.4,19.7,2.7,0.5,1.4,32.5,39.2,66063,45.1,-12.01,-14.83,-16.66,Dense suburban
CT1,D,28.5,71.5,-43,D,D,36.1,62.3,-26.2,,D,D,33.8,64.1,-30.3,D,DEM,36.3,63.7,-27.4,D,-12,69.9,12.8,13.1,2.7,0.1,1.4,36.8,42.7,70215,39.9,-23.09,-27.71,-32.82,Sparse suburban
CT2,D,30.1,69.9,-39.8,D,D,35.5,62.3,-26.8,,D,D,33.7,63.2,-29.5,D,DEM,37.9,62.1,-24.2,D,-3,86.4,3.5,5.9,2.2,0.2,1.8,35.1,36.3,74784,55,-2.88,-13.32,-18.59,Rural-suburban mix
CT3,D,25.3,74.7,-49.4,D,D,32.9,67.1,-34.2,,D,D,31,69,-38,D,DEM,35.6,64.4,-28.8,D,-9,73,12.3,10.5,2.7,0.2,1.3,36.2,39.9,67774,43.7,-15.49,-26.3,-26.47,Sparse suburban
CT4,D,40,60,-20,D,D,46.3,53.7,-7.4,,D,D,40.1,59.9,-19.8,D,DEM,39.1,60.9,-21.8,D,-7,71.4,11.5,12.5,3.6,0.1,0.8,48.8,60.7,94862,28,-23.01,-11.05,-19.86,Sparse suburban
CT5,Open Post-Redistrict,48.7,51.3,-2.6,D,D,45.8,53.3,-7.5,,D,D,42,58,-16,D,DEM,44.2,55.8,-11.6,D,-2,78.3,5.8,12.5,2.3,0.1,1,36.3,40,68904,46.8,-4.1,-8.22,-13.95,Sparse suburban
DEAL,D,34.2,65.8,-31.6,D,D,36.8,59.3,-22.5,,D,Open-Used to be Dem,41,55.5,-14.5,D,DEM,35.5,64.5,-29,D,-6,70.5,20.6,5.1,2.2,0.3,1.3,31,33.8,61757,46.6,-11.43,-18.63,-25,Sparse suburban
FL1,R,71.9,28.1,43.8,R,R,70.1,23.4,46.7,,R,Open-Used to be GOP,69.1,30.9,38.2,R,GOP,67.1,32.9,34.2,R,22,77.5,12.8,4.5,2.1,0.5,2.5,27.9,30.5,53006,53.8,39.34,38.4,34.8,Rural-suburban mix
FL10,R,NA,NA,NA,NA,R,NA,NA,NA,NA,NA,Open-Used to be GOP,35.1,64.9,-29.8,D,DEM,0,100,-100,D,-11,46.1,25.5,21.9,4.7,0.1,1.7,30.3,38.3,50151,28.2,-26.89,-22.3,-22.4,Sparse suburban
FL11,D,NA,NA,NA,NA,D,NA,NA,NA,NA,NA,D,65.4,31.6,33.8,R,GOP,65.2,34.8,30.4,R,15,84.4,6.2,7.3,0.9,0.3,0.9,20.6,21.2,43610,66.4,32.31,19.4,13.5,Rural-suburban mix
FL12,R,NA,NA,NA,NA,R,NA,NA,NA,NA,NA,R,68.6,31.4,37.2,R,GOP,60.3,39.7,20.6,R,8,84,3.9,9,1.9,0.3,0.9,26.9,26.7,49774,61.5,18.6,7.5,3.8,Sparse suburban
FL13,R,NA,NA,NA,NA,R,NA,NA,NA,NA,NA,R,48.1,51.9,-3.8,D,DEM,42.4,57.6,-15.2,D,-2,78.1,11.2,6.4,2.8,0.3,1.2,27.8,28.8,48519,55.5,-3.2,-10.7,-12.5,Dense suburban
FL14,D,NA,NA,NA,NA,D,NA,NA,NA,NA,NA,D,38.2,61.8,-23.6,D,DEM,0,100,-100,D,-7,55.1,17,22.8,3.3,0.2,1.5,35.3,46.5,51410,29.4,-18.18,-16.4,-17.2,Dense suburban
FL15,R,NA,NA,NA,NA,R,NA,NA,NA,NA,NA,R,57.5,42.5,15,R,GOP,53,47,6,R,6,67.3,13.2,15.4,2.5,0.2,1.4,25.8,27.3,53784,48.8,9.99,5.6,5.4,Sparse suburban
FL16,R,NA,NA,NA,NA,R,NA,NA,NA,NA,NA,R,59.8,40.2,19.6,R,GOP,54.6,45.4,9.2,R,7,80.3,7.6,9.4,1.6,0.2,0.9,30.7,33.2,55447,53.5,10.79,8.6,3.5,Sparse suburban
FL17,R,NA,NA,NA,NA,R,NA,NA,NA,NA,NA,R,61.8,34.2,27.6,R,GOP,62.3,37.7,24.6,R,13,82.4,6.8,8.8,1.1,0.2,0.8,21.3,23.2,45508,63.2,27.2,16.3,10.8,Rural-suburban mix
FL18,R,NA,NA,NA,NA,D,NA,NA,NA,NA,NA,Open-Used to be Dem,53.6,43.1,10.5,R,GOP,54.3,45.7,8.6,R,5,76.8,10.7,10,1.6,0.2,0.8,30.5,33.6,54913,50.9,9.21,3.7,-3.3,Sparse suburban
FL19,Open Post-Redistrict,NA,NA,NA,NA,R,NA,NA,NA,NA,NA,Open-Used to be GOP,65.9,34.1,31.8,R,GOP,62.3,37.7,24.6,R,13,81.6,5.7,10.7,1.2,0.2,0.7,32.3,37.1,54812,51.3,22.06,21.8,14.5,Sparse suburban
FL2,R,NA,NA,NA,NA,R,NA,NA,NA,NA,NA,Open-Used to be Dem,67.3,29.9,37.4,R,GOP,67.5,32.5,35,R,18,79.9,12.8,4.3,1.2,0.4,1.3,23.4,24.3,46062,60.5,35.6,30.6,28.2,Rural-suburban mix
FL20,D,NA,NA,NA,NA,D,NA,NA,NA,NA,NA,D,19.7,80.3,-60.6,D,DEM,0,100,-100,D,-31,25.6,51.2,19.4,2.5,0.1,1.3,19.7,27.2,43677,18.5,-62.1,-65.4,-62.3,Urban-suburban mix
FL21,D,NA,NA,NA,NA,D,NA,NA,NA,NA,NA,D,35.1,62.7,-27.6,D,DEM,0,100,-100,D,-9,70.5,11.6,14.7,2.1,0.1,0.9,34.3,40.5,55864,41.8,-19.55,-21.5,-27.5,Dense suburban
FL22,D,NA,NA,NA,NA,D,NA,NA,NA,NA,NA,D,41.1,58.9,-17.8,D,DEM,38,62,-24,D,-6,68.7,11.6,15.8,2.5,0.2,1.2,37.9,43.2,60159,38.9,-15.74,-13.3,-17.3,Dense suburban
FL23,D,NA,NA,NA,NA,D,NA,NA,NA,NA,NA,D,40.5,56.7,-16.2,D,DEM,41.5,58.5,-17,D,-11,51.8,12.5,30.8,3.4,0.3,1.1,38.6,39.7,61513,31.1,-26.09,-23.4,-24.7,Urban-suburban mix
FL24,D,NA,NA,NA,NA,D,NA,NA,NA,NA,NA,D,0,100,-100,D,DEM,0,100,-100,D,-34,15.7,50.5,31.6,1.4,0.1,0.7,19.4,35.9,38441,9.9,-67.49,-71.8,-68.4,Urban-suburban mix
FL25,R,NA,NA,NA,NA,R,NA,NA,NA,NA,NA,R,62.4,37.6,24.8,R,GOP,60.5,39.5,21,R,4,26.5,3.9,68,1,0.2,0.3,22.7,33.9,46247,17.5,1.76,9.6,18.2,Urban-suburban mix
FL26,R,NA,NA,NA,NA,D,NA,NA,NA,NA,NA,R,53,41.2,11.8,R,DEM,49.1,50.9,-1.8,D,-6,22.4,11.7,63.5,1.6,0.1,0.6,27.2,32.8,54453,15,-16.27,-11.5,-3.6,Urban-suburban mix
FL27,R,NA,NA,NA,NA,R,NA,NA,NA,NA,NA,R,54.9,45.1,9.8,R,DEM,48.2,51.8,-3.6,D,-5,27.8,5,64.6,1.9,0.1,0.6,37.5,63.8,51958,9.9,-19.6,-6.7,-0.8,Urban-suburban mix
FL3,Open Post-Redistrict,NA,NA,NA,NA,R,NA,NA,NA,NA,NA,R,56.6,39.8,16.8,R,GOP,57.6,42.4,15.2,R,9,73.5,15,7.2,2.5,0.3,1.5,25.9,26.5,45970,54,15.96,14.7,10.4,Pure rural
FL4,R,NA,NA,NA,NA,R,NA,NA,NA,NA,NA,Open-Used to be GOP,70.2,27.6,42.6,R,GOP,67.7,32.3,35.4,R,17,80.2,8.8,6,3.2,0.2,1.6,39.2,39.8,68229,48.2,28.02,33.3,29.4,Sparse suburban
FL5,D,NA,NA,NA,NA,D,NA,NA,NA,NA,NA,Open-Used to be Dem,35.8,64.2,-28.4,D,DEM,33.2,66.8,-33.6,D,-12,45.6,45.3,5.4,1.9,0.3,1.5,21.4,25,40932,34.1,-25.41,-28.2,-27.3,Sparse suburban
FL6,Open Post-Redistrict,NA,NA,NA,NA,R,NA,NA,NA,NA,NA,R,58.6,41.4,17.2,R,GOP,56.3,43.7,12.6,R,7,79.2,9.3,9,1.3,0.3,0.9,23.9,24.9,46882,59.4,16.98,5.6,-1.4,Sparse suburban
FL7,R,NA,NA,NA,NA,R,NA,NA,NA,NA,NA,R,48.5,51.5,-3,D,DEM,42.3,57.7,-15.4,D,0,65.7,9.6,19.9,3.3,0.1,1.4,37.8,44.3,57146,36.5,-7.29,0,-3.1,Sparse suburban
FL8,R,NA,NA,NA,NA,R,NA,NA,NA,NA,NA,R,63.1,32.5,30.6,R,GOP,60.5,39.5,21,R,11,80.9,8.5,7.4,1.5,0.2,1.4,29,30.4,50752,56.2,20.71,14.5,11.1,Sparse suburban
FL9,Open Post-Redistrict,NA,NA,NA,NA,D,NA,NA,NA,NA,NA,Open-Used to be Dem,42.5,57.5,-15,D,DEM,42,58,-16,D,-5,51.4,11.3,33.2,2.6,0.2,1.2,24.6,28.8,49899,36.4,-12.91,-12.2,-10.1,Sparse suburban
GA1,R,NA,NA,NA,NA,Open-Used to be GOP,NA,NA,NA,NA,NA,R,100,0,100,R,GOP,57.8,42.2,15.6,R,9,64,29.1,3.8,1.4,0.3,1.3,25,28.2,50931,45.9,15.51,12.88,10.56,Rural-suburban mix
GA10,R,100,0,100,R,Open-Used to be GOP,,33.5,-33.5,,D,R,100,0,100,R,GOP,62.9,37.1,25.8,R,15,69.8,24.7,2.9,1.5,0.1,1,26.7,30.4,51532,48.5,25.5,26.16,21.62,Pure rural
GA11,R,68.6,31.4,37.2,R,Open-Used to be GOP,,0,0,,D,R,67.4,32.6,34.8,R,GOP,61.8,38.2,23.6,R,17,75.3,16,5,2.3,0.2,1.2,41,44.1,69610,42,24.99,35.49,29.65,Sparse suburban
GA12,D,46.3,53.7,-7.4,D,D,,45.2,-45.2,,D,R,61.6,38.4,23.2,R,GOP,59.5,40.5,19,R,9,59.8,34.3,3.3,1.2,0.2,1,20.9,23.6,43933,45.7,16.16,11.78,11.69,Pure rural
GA13,D,28.3,71.7,-43.4,D,D,,100,-100,,D,D,0,100,-100,D,DEM,23.8,76.2,-52.4,D,-20,33.4,58.1,4.8,2.2,0.1,1.4,29.6,26,57342,24.7,-44.41,-39.27,-34.81,Sparse suburban
GA14,R,73,27,46,R,R,,0,0,,D,R,100,0,100,R,GOP,76.5,23.5,53,R,27,85.1,8.7,4.4,0.7,0.2,0.9,18.1,18.5,48691,69.3,52.89,47.9,43.19,Rural-suburban mix
GA2,D,36.2,63.8,-27.6,D,D,,59.2,-59.2,,D,D,38.8,61.2,-22.4,D,DEM,40.4,59.6,-19.2,D,-6,44.6,50.7,2.6,0.9,0.2,1.1,17.6,22.1,35617,34.7,-11.73,-17.79,-16.28,Rural-suburban mix
GA3,R,100,0,100,R,R,,0,0,,D,Open-Used to be GOP,68.3,31.7,36.6,R,GOP,65.5,34.5,31,R,18,70.8,23.3,3.3,1.2,0.2,1.2,26.5,28.3,56240,50.7,31.57,32.86,31.34,Rural-suburban mix
GA4,D,26.4,73.6,-47.2,D,D,,100,-100,,D,D,24.3,75.7,-51.4,D,DEM,21.2,78.8,-57.6,D,-24,30.9,60.7,3.8,3.2,0.1,1.3,29.8,38.1,51686,19,-53.06,-48.01,-46.92,Sparse suburban
GA5,D,15.6,84.4,-68.8,D,D,,100,-100,,D,D,15.6,84.4,-68.8,D,DEM,0,100,-100,D,-34,32.8,59.2,3.3,2.9,0.3,1.5,42,70.5,48269,9.7,-73.07,-67.27,-69.34,Dense suburban
GA6,R,64.5,35.5,29,R,R,,34,-34,,D,R,61.7,38.3,23.4,R,DEM,49.5,50.5,-1,D,8,72.4,14.3,4.9,6.8,0.3,1.4,60.6,66.7,87139,24,1.49,23.38,18.91,Dense suburban
GA7,R,62.2,37.8,24.4,R,R,,34.6,-34.6,,D,R,60.4,39.6,20.8,R,GOP,50.2,49.8,0.4,R,9,58.5,20.4,9.1,10.4,0.2,1.4,39.6,44.9,72481,32.1,6.38,21.91,20.96,Sparse suburban
GA8,R,100,0,100,R,R,,0,0,,D,R,67.6,32.4,35.2,R,GOP,100,0,100,R,15,65,30,2.9,0.9,0.2,1,21.8,24.8,44360,48.7,28.94,24.15,23.76,Pure rural
GA9,Open Post-Redistrict,76.2,23.8,52.4,R,R,,19.3,-19.3,,D,R,100,0,100,R,GOP,79.5,20.5,59,R,31,86.8,7,4.2,1,0.2,0.8,21.6,24,50154,65.9,58.45,57.66,50.41,Pure rural
HI1,D,45.4,54.6,-9.2,D,Open-Used to be Dem,,51.9,-51.9,,D,Open-Used to be Dem,22.7,71.9,-49.2,D,DEM,26.9,73.1,-46.2,D,-17,19.1,2.2,7.2,56.2,0.1,15.1,36,48.9,78180,9.8,-32.53,-40.68,-41.96,Urban-suburban mix
HI2,Open Post-Redistrict,19.5,80.5,-61,D,D,,78.7,-78.7,,D,D,18.8,81.2,-62.4,D,DEM,22.6,77.4,-54.8,D,-19,33.7,1.6,9.2,35.9,0.2,19.5,27.8,42.6,70867,19.3,-31.85,-44.72,-48.45,Rural-suburban mix
IA1,D,42.2,57.8,-15.6,D,Open-Used to be Dem,,48.8,-48.8,,D,R,53.7,46.1,7.6,R,DEM,49.1,50.9,-1.8,D,-1,93.3,2.8,1.9,0.9,0.3,0.9,27.1,27.1,57402,68,3.55,-13.66,-18.1,Rural-suburban mix
IA2,D,43.3,56.7,-13.4,D,D,,52.5,-52.5,,D,D,46.2,53.7,-7.5,D,DEM,45.2,54.8,-9.6,D,-1,91.2,3.1,3.3,1.1,0.2,1.1,28.5,28.7,52150,65,4.1,-13.04,-15.51,Rural-suburban mix
IA3,R,54.5,45.5,9,R,Open-Used to be GOP,,42.2,-42.2,,D,R,53.4,39.7,13.7,R,DEM,51,49,2,R,1,90.5,3.3,3.3,1.7,0.2,1,33.1,34.5,62323,59.3,3.53,-4.29,-6.16,Sparse suburban
IA4,R,54.1,45.9,8.2,R,R,,38.3,-38.3,,D,R,61.2,38.6,22.6,R,GOP,53,47,6,R,11,93.7,1.2,3,0.9,0.4,0.8,24.7,24.8,53335,70.5,27.33,8.17,1.71,Pure rural
ID1,R,67.2,32.8,34.4,R,R,,35,-35,,D,R,68.2,31.8,36.4,R,GOP,69.7,30.3,39.4,R,21,89.6,0.3,6.5,0.9,1.2,1.5,25.4,26.8,52199,65.5,38.3,32.73,27.39,Rural-suburban mix
ID2,R,65.2,34.8,30.4,R,R,,38.6,-38.6,,D,R,62.9,29.4,33.5,R,GOP,60.7,39.3,21.4,R,17,88.1,0.6,7.6,1.1,1.1,1.4,30.1,32.5,51294,59.4,24.66,31.08,23.44,Rural-suburban mix
IL1,D,26.2,73.8,-47.6,D,D,,73.1,-73.1,,D,D,25.9,74.1,-48.2,D,DEM,27,73,-46,D,-27,38,53,6.4,1.3,0.2,1.1,28.9,35.9,50523,24.3,-53.94,-58.7,-62.3,Urban-suburban mix
IL10,R,49.4,50.6,-1.2,D,D,,48.7,-48.7,,D,R,47.4,52.6,-5.2,D,DEM,34.6,65.4,-30.8,D,-10,71.2,7.2,12.2,7.8,0.2,1.4,44.1,51.2,74971,34.7,-29.4,-16.39,-27.04,Sparse suburban
IL11,R,41.4,58.6,-17.2,D,D,,53.5,-53.5,,D,D,39.6,60.4,-20.8,D,DEM,36.4,63.6,-27.2,D,-9,64.4,11.9,16.1,6,0.1,1.5,36,42.5,72198,37,-23.43,-17.18,-24.08,Dense suburban
IL12,Open Post-Redistrict,45.3,54.7,-9.4,D,D,,41.9,-41.9,,D,R,54.3,39.7,14.6,R,GOP,54.8,45.2,9.6,R,5,79.8,15.8,2.2,0.8,0.2,1.1,24,25,47430,59.8,14.84,-1.61,-11.14,Rural-suburban mix
IL13,Open Post-Redistrict,50.2,49.8,0.4,R,R,,41.3,-41.3,,D,R,59.7,40.3,19.4,R,GOP,50.5,49.5,1,R,3,83.9,10.1,2.4,1.9,0.2,1.5,30.2,30.1,49758,58.6,5.46,0.31,-11.09,Rural-suburban mix
IL14,R,58.8,41.2,17.6,R,R,,34.6,-34.6,,D,R,59.3,40.7,18.6,R,DEM,48.1,51.9,-3.8,D,5,85.4,3.1,7.1,3.4,0.1,0.8,42.1,43.1,90345,48.6,3.89,10.02,-2.42,Sparse suburban
IL15,R,68.6,31.4,37.2,R,R,,25.1,-25.1,,D,R,100,0,100,R,GOP,71.1,28.9,42.2,R,21,92.8,4.2,1.7,0.4,0.2,0.8,20.2,20.6,49927,73.6,46.2,29.88,12.63,Pure rural
IL16,R,61.8,38.2,23.6,R,R,,29.4,-29.4,,D,R,100,0,100,R,GOP,59.7,40.3,19.4,R,8,89.1,3.5,5.2,1,0.1,0.9,22.2,22.5,57182,69,17.16,7.72,-1.89,Rural-suburban mix
IL17,R,46.7,53.3,-6.6,D,D,,55.5,-55.5,,D,D,39.7,60.3,-20.6,D,DEM,38.2,61.8,-23.6,D,-3,82.6,10.1,5.2,0.8,0.2,1.1,18.7,20.5,45360,65.6,0.7,-16.95,-21.51,Rural-suburban mix
IL18,R,74.2,25.8,48.4,R,R,,25.3,-25.3,,D,R,72.1,27.9,44.2,R,GOP,67.4,32.6,34.8,R,15,92.2,3.6,1.8,1.2,0.1,1,31.7,31,60857,63.6,27.39,23.26,10.27,Rural-suburban mix
IL2,D,26.8,73.2,-46.4,D,D,,78.5,-78.5,,D,D,20.2,79.8,-59.6,D,DEM,19.2,80.8,-61.6,D,-29,33,56.6,8.8,0.6,0.1,1,23.3,25,48417,24.7,-58.86,-62.18,-62.89,Dense suburban
IL3,D,31.5,68.5,-37,D,D,,64.6,-64.6,,D,D,0,100,-100,D,DEM,26.5,73.5,-47,D,-6,68.2,5.4,22.3,3.3,0,0.7,26.9,32.1,66270,46.3,-15.3,-13.34,-17.85,Urban-suburban mix
IL4,D,17,83,-66,D,D,,78.1,-78.1,,D,D,0,100,-100,D,DEM,9.7,90.3,-80.6,D,-33,33.2,5.4,56.2,3.9,0.2,1.1,24.5,52.8,51383,15.6,-68.86,-63.84,-62.31,Pure urban
IL5,D,30.3,69.7,-39.4,D,D,,63.2,-63.2,,D,D,27.5,67.8,-40.3,D,DEM,22.1,77.9,-55.8,D,-20,74.5,2.9,15,6,0.1,1.5,54.7,60.2,80269,29.6,-46.58,-34.21,-41.09,Pure urban
IL6,R,59.2,40.8,18.4,R,R,,32.9,-32.9,,D,R,59.2,40.8,18.4,R,DEM,47.2,52.8,-5.6,D,2,84.1,2.4,6,6.7,0,0.8,52.2,53.4,97387,39.2,-6.97,8.21,-3.99,Sparse suburban
IL7,D,11.5,88.5,-77,D,D,,85.1,-85.1,,D,D,15.8,84.2,-68.4,D,DEM,11.9,88.1,-76.2,D,-38,32.5,51.5,9.5,5.2,0.1,1.2,40.7,73.7,54147,8.5,-78.19,-75.43,-79.52,Pure urban
IL8,R,45.3,54.7,-9.4,D,D,,55.7,-55.7,,D,Open-Used to be Dem,41.7,58.3,-16.6,D,DEM,34.3,65.7,-31.4,D,-8,67.6,4.9,15.6,10.9,0.1,1,32.6,34.8,67745,43.9,-21.68,-16.45,-24.38,Dense suburban
IL9,D,33.7,66.3,-32.6,D,D,,66.1,-66.1,,D,D,33.5,66.5,-33,D,DEM,15.5,84.5,-69,D,-18,72.1,8.6,7.4,10.3,0.1,1.5,53.2,58.2,67084,30.1,-45.24,-31.76,-38.3,Urban-suburban mix
IN1,D,32.7,67.3,-34.6,D,D,,60.8,-60.8,,D,D,0,81.5,-81.5,D,DEM,34.9,65.1,-30.2,D,-8,68.2,18.4,11.5,0.8,0.2,0.9,22.6,25.8,56370,50.5,-12.56,-23.8,-27.54,Sparse suburban
IN2,D,50.7,49.3,1.4,R,R,,38.3,-38.3,,D,R,59.3,36.9,22.4,R,GOP,54.8,45.2,9.6,R,11,87.3,6.2,4.2,0.8,0.3,1.1,20.8,22.1,51292,67.9,23.21,13.95,-0.24,Rural-suburban mix
IN3,R,67,33,34,R,R,,26.7,-26.7,,D,Open-Used to be GOP,70.1,23,47.1,R,GOP,64.7,35.3,29.4,R,18,88.9,5.6,3,1.1,0.2,1.2,22.9,23.8,51453,67.7,34.99,26.84,13.01,Rural-suburban mix
IN4,R,64.5,35.5,29,R,R,,33.1,-33.1,,D,R,64.6,30.5,34.1,R,GOP,64.3,35.7,28.6,R,17,91.6,3.4,2.8,1.2,0.2,0.8,26,26.6,53996,67.1,34.11,24.01,9.62,Rural-suburban mix
IN5,Open Post-Redistrict,60.8,39.2,21.6,R,R,,30.8,-30.8,,D,R,61.5,34.3,27.2,R,GOP,56.8,43.2,13.6,R,9,86.4,8.1,2.3,2,0.1,1.1,45,45.9,67461,46.7,11.8,16.79,6.06,Sparse suburban
IN6,Open Post-Redistrict,62.7,37.3,25.4,R,R,,29.3,-29.3,,D,R,69.1,26.7,42.4,R,GOP,67.1,32.9,34.2,R,18,94.6,2.3,1.4,0.5,0.2,1.1,20.7,20.2,51033,75.4,40.34,23.16,11.36,Pure rural
IN7,D,37.1,62.9,-25.8,D,D,,54.7,-54.7,,D,D,35.7,60,-24.3,D,DEM,35.1,64.9,-29.8,D,-11,63.7,29.4,3.8,1.2,0.3,1.7,23.5,29.4,41429,44.9,-22.85,-27.55,-33.5,Dense suburban
IN8,R,55.4,44.6,10.8,R,R,,35.8,-35.8,,D,R,63.7,31.7,32,R,GOP,64.4,35.6,28.8,R,15,92.9,3.9,1.3,0.6,0.2,1,21.3,21.5,50261,72.9,33.72,18.77,2.46,Rural-suburban mix
IN9,R,55.4,44.6,10.8,R,R,,33.7,-33.7,,D,Open-Used to be GOP,54.1,40.5,13.6,R,GOP,59.4,40.6,18.8,R,13,93.4,2.6,1.7,1,0.2,1.1,26.3,26.3,55078,68.8,26.9,16.48,6.44,Rural-suburban mix
KS1,R,100,0,100,R,R,,32,-32,,D,Open-Used to be GOP,65.9,0,65.9,R,GOP,68.4,31.6,36.8,R,24,86,3,8.1,1,0.5,1.4,23.9,26.1,48156,63.5,44.97,42.42,36.17,Pure rural
KS2,R,59.3,40.7,18.6,R,R,,38.6,-38.6,,D,R,60.9,32.6,28.3,R,GOP,53.6,46.4,7.2,R,10,86.9,4.4,4.2,0.8,1.2,2.5,29.2,30.2,51778,60.6,18.4,13.15,7.55,Pure rural
KS3,R,100,0,100,R,R,,39.9,-39.9,,D,R,51.3,40.6,10.7,R,DEM,46.7,53.3,-6.6,D,4,81.4,8.5,5.5,2.6,0.3,1.6,47.4,52.3,71562,38.8,-1.22,9.53,1.13,Dense suburban
KS4,R,66.3,33.7,32.6,R,R,,33.3,-33.3,,D,R,60.7,29.6,31.1,R,GOP,59.8,40.2,19.6,R,15,81.5,6.5,6.8,2.4,0.9,1.9,29.5,32,52054,55.4,27.22,25.5,19.11,Sparse suburban
KY1,R,69.6,30.4,39.2,R,R,,26.9,-26.9,,D,Open-Used to be GOP,72.6,27.3,45.3,R,GOP,68.6,31.4,37.2,R,23,90.1,6.9,1.5,0.4,0.2,0.9,15.7,16.1,40253,75.6,48.49,34.3,24.73,Pure rural
KY2,R,67,33,34,R,R,,30.8,-30.8,,D,R,100,0,100,R,GOP,68.9,31.1,37.8,R,19,90.8,5.4,1.6,0.8,0.2,1.2,20.9,21.1,49960,71.6,39.93,28.13,24.3,Pure rural
KY3,D,35.1,64.9,-29.8,D,D,,63.5,-63.5,,D,D,36.5,63.5,-27,D,DEM,37.9,62.1,-24.2,D,-6,74.6,20,2.3,1.4,0.1,1.5,30.9,34.6,51070,48.8,-14.95,-12.93,-13.41,Dense suburban
KY4,Open Post-Redistrict,64,36,28,R,R,,32.3,-32.3,,D,R,71.3,28.7,42.6,R,GOP,65.4,34.6,30.8,R,18,93.4,3.3,1.5,0.6,0.1,1,28.3,28.3,60912,67,35.91,28.55,24.48,Rural-suburban mix
KY5,R,77.9,22.1,55.8,R,R,,21.7,-21.7,,D,R,100,0,100,R,GOP,78.9,21.1,57.8,R,31,96.7,1.5,0.7,0.2,0.2,0.6,12.4,12.5,30585,84.6,62.12,51.77,35.05,Pure rural
KY6,D,52,48,4,R,R,,40,-40,,D,R,61.1,38.9,22.2,R,GOP,52.2,47.8,4.4,R,9,87.6,8.5,1.6,0.9,0.2,1.3,31.7,33.1,50659,58.6,15.28,13.63,8.87,Rural-suburban mix
LA1,R,78,22,56,R,R,,18.9,-18.9,,D,R,74.6,19.5,55.1,R,GOP,83.6,16.4,67.2,R,24,78.1,12.6,5.4,1.6,1.1,1.2,30.3,33.4,56938,51.9,42,43.99,47.34,Rural-suburban mix
LA2,D,17.9,82.1,-64.2,D,D,,85.8,-85.8,,D,D,0,100,-100,D,DEM,19.4,80.6,-61.2,D,-25,31.7,61.5,3.7,2,0.2,1,23.4,36.4,36798,20.1,-52.37,-53.03,-47.91,Dense suburban
LA3,R,78.2,21.8,56.4,R,R,,0,0,,D,Open-Used to be GOP,80.7,17.5,63.2,R,GOP,82.2,17.8,64.4,R,20,72.1,23.6,2,0.9,0.4,1.1,21,24,44668,54.7,38.12,33.84,30.19,Rural-suburban mix
LA4,R,100,0,100,R,R,,0,0,,D,Open-Used to be GOP,69.8,28.2,41.6,R,GOP,66.4,33.6,32.8,R,13,61.9,33.1,2.4,0.8,0.8,1,19.9,22.9,39748,47.7,23.98,19.37,18.92,Pure rural
LA5,R,100,0,100,R,Open-Used to be GOP,,35.8,-35.8,,D,R,100,0,100,R,GOP,70,30,40,R,15,63.1,34,1.3,0.4,0.4,0.7,16.8,19.7,36718,50.7,29.37,23.35,25.3,Pure rural
LA6,R,100,0,100,R,Open-Used to be GOP,,37.6,-37.6,,D,R,72.8,23.9,48.9,R,GOP,79.5,20.5,59,R,19,72,22.6,2.5,1.5,0.4,1.1,27.9,30.8,59270,49.8,33.8,34.19,36.59,Rural-suburban mix
MA1,D,0,100,-100,D,D,,98,-98,,D,D,0,73.3,-73.3,D,DEM,0,100,-100,D,-12,79,5,13.5,1.3,0.1,1,29.7,33.4,55716,52.5,-20.65,-29.69,-30.41,Sparse suburban
MA2,D,0,100,-100,D,D,,98.2,-98.2,,D,D,0,98.2,-98.2,D,DEM,32.8,67.2,-34.4,D,-9,85.2,3.3,7,3.3,0.2,1.1,38.4,39.4,64868,51.5,-19.37,-19.52,-22.91,Rural-suburban mix
MA3,D,34,66,-32,D,D,,63,-63,,D,D,31.2,68.7,-37.5,D,DEM,38,62,-24,D,-9,77.6,2.3,13.3,5.7,0.1,1,37.4,41.4,77995,45.3,-22.84,-15.5,-19.45,Sparse suburban
MA4,Open Post-Redistrict,37,63,-26,D,D,,97.9,-97.9,,D,D,29.8,70.1,-40.3,D,DEM,0,100,-100,D,-9,89.2,2.5,3.3,3.9,0,1.1,51,50.3,98530,44.2,-24.17,-15.95,-22.55,Sparse suburban
MA5,D,24.4,75.6,-51.2,D,D,,98.3,-98.3,,D,D,0,98.6,-98.6,D,DEM,24.2,75.8,-51.6,D,-18,82,3.7,5.8,7,0.1,1.4,57.4,59.6,92268,33,-43.64,-32.06,-34.1,Urban-suburban mix
MA6,D,49.4,50.6,-1.2,D,Open-Used to be Dem,,55,-55,,D,D,0,98.4,-98.4,D,DEM,34.8,65.2,-30.4,D,-6,89,2.3,5,2.8,0.1,0.9,44,46.2,84913,47.8,-17.86,-10.86,-15.51,Sparse suburban
MA7,D,0,100,-100,D,D,,98.3,-98.3,,D,D,0,98.6,-98.6,D,DEM,0,100,-100,D,-34,53.1,23,14,7.7,0.2,2,42.9,64.5,60873,18.7,-72.21,-66.81,-65.21,Pure urban
MA8,D,23.8,76.2,-52.4,D,D,,98.7,-98.7,,D,D,27.5,72.4,-44.9,D,DEM,0,100,-100,D,-10,81.4,7.6,4.2,5.5,0.1,1.2,46.8,50.3,82333,40.2,-26.05,-16.94,-17.31,Dense suburban
MA9,D,35.4,64.6,-29.2,D,D,,54.9,-54.9,,D,D,33.6,55.7,-22.1,D,DEM,40.7,59.3,-18.6,D,-4,91.9,2.3,3.3,1,0.2,1.3,35.9,37.5,68173,56.7,-10.72,-12.4,-17.16,Sparse suburban
MD1,R,69.8,30.2,39.6,R,R,,29.5,-29.5,,D,R,67,28.6,38.4,R,GOP,62.4,37.6,24.8,R,14,84,11.2,1.9,1.5,0.2,1.1,30.6,32.2,69254,56.9,28.57,22.67,21.2,Rural-suburban mix
MD2,D,32.2,67.8,-35.6,D,D,,61.3,-61.3,,D,D,33.1,62.1,-29,D,DEM,34.2,65.8,-31.6,D,-11,59.1,31.9,3.3,3.7,0.3,1.7,33.4,33.4,69128,39.3,-24.38,-28.07,-23.08,Dense suburban
MD3,D,30.7,69.3,-38.6,D,D,,59.5,-59.5,,D,D,33.9,63.2,-29.3,D,DEM,31.4,68.6,-37.2,D,-13,67.6,20.3,4.5,5.5,0.2,1.9,47.2,51.7,83620,32.6,-30.51,-23.6,-22.12,Dense suburban
MD4,D,21.2,78.8,-57.6,D,D,,70.2,-70.2,,D,Open-Used to be Dem,21.4,74.1,-52.7,D,DEM,22.1,77.9,-55.8,D,-28,31.7,58.1,5.6,2.7,0.2,1.7,34,50.2,79350,15.8,-57.48,-57.3,-55.49,Dense suburban
MD5,D,28.5,71.5,-43,D,D,,64,-64,,D,D,29.4,67.4,-38,D,DEM,29.8,70.2,-40.4,D,-16,51.6,38.5,4.1,3.2,0.3,2.3,33.7,34.5,95442,33.7,-31.98,-33.73,-31.48,Sparse suburban
MD6,R,39.2,60.8,-21.6,D,D,,49.7,-49.7,,D,D,40.1,56,-15.9,D,DEM,42.3,57.7,-15.4,D,-6,70.1,12.4,7,8.7,0.2,1.8,41.5,40.8,75774,41.4,-15.01,-12.34,-14.28,Sparse suburban
MD7,D,21.4,78.6,-57.2,D,D,,69.9,-69.9,,D,D,21.8,74.9,-53.1,D,DEM,23.9,76.1,-52.2,D,-26,36.9,54.5,2.3,4.6,0.3,1.5,37.8,58.7,61392,15.2,-55.56,-53.86,-53.8,Urban-suburban mix
MD8,D,34.2,65.8,-31.6,D,D,,60.7,-60.7,,D,Open-Used to be Dem,34.2,60.6,-26.4,D,DEM,33.1,66.9,-33.8,D,-14,70.9,11,8,8.2,0.2,1.8,55.6,61.6,98991,27.2,-34.42,-25.95,-27.25,Dense suburban
ME1,D,35.2,64.8,-29.6,D,D,,60.4,-60.4,,D,D,41.9,58,-16.1,D,DEM,41.2,58.8,-17.6,D,-8,95.4,0.9,1.2,1,0.3,1.2,36.9,37.3,61173,59.8,-14.83,-21.39,-23.2,Rural-suburban mix
ME2,D,41.8,58.2,-16.4,D,Open-Used to be Dem,,41.8,-41.8,,D,R,54.8,45.2,9.6,R,DEM,54.5,45.5,9,R,2,96,0.4,1,0.4,0.8,1.4,23,23.1,46638,73.8,10.28,-8.59,-11.21,Pure rural
MI1,R,50.3,49.7,0.6,R,R,,45.3,-45.3,,D,Open-Used to be GOP,54.9,40.1,14.8,R,GOP,56.3,43.7,12.6,R,9,92.9,1.8,1.2,0.4,2.1,1.6,24.6,25.2,46927,69.5,21.31,8.26,-1.29,Pure rural
MI10,R,69.8,30.2,39.6,R,R,,29.4,-29.4,,D,Open-Used to be GOP,63.1,32.3,30.8,R,GOP,65,35,30,R,13,92.5,2.9,2.1,1.2,0.2,1.1,23,22.9,60934,71.3,32.17,11.56,2.03,Rural-suburban mix
MI11,Open Post-Redistrict,53.4,46.6,6.8,R,Open-Used to be GOP,,40.5,-40.5,,D,R,52.9,40.2,12.7,R,DEM,48.2,51.8,-3.6,D,4,85.6,5.4,2.2,5.3,0.2,1.3,46.6,44.3,79805,47.6,4.37,5.39,-1.87,Sparse suburban
MI12,D,29.9,70.1,-40.2,D,Open-Used to be Dem,,65,-65,,D,D,29.3,64.3,-35,D,DEM,31.8,68.2,-36.4,D,-14,80,10.3,4.3,3.1,0.3,2.1,34,34,55506,52.7,-26.35,-33.43,-35.52,Dense suburban
MI13,D,14.1,85.9,-71.8,D,D,,79.5,-79.5,,D,D,15.7,77.1,-61.4,D,DEM,15.4,84.6,-69.2,D,-33,37.3,56.6,3.5,0.7,0.4,1.4,14.7,16.9,33995,30.8,-60.67,-70.87,-70.65,Dense suburban
MI14,D,16,84,-68,D,Open-Used to be Dem,,77.8,-77.8,,D,D,18.7,78.5,-59.8,D,DEM,19.2,80.8,-61.6,D,-30,33.5,58.8,2.9,2.6,0.3,2,30.8,48.5,42695,17.2,-60.93,-62.36,-65.11,Dense suburban
MI2,R,64.1,35.9,28.2,R,R,,33.3,-33.3,,D,R,62.6,32.5,30.1,R,GOP,57,43,14,R,9,85.5,5.8,5.3,1.5,0.4,1.6,23.8,25.7,52919,63.4,17.53,12.93,2.31,Rural-suburban mix
MI3,R,54.4,45.6,8.8,R,R,,39,-39,,D,R,59.5,37.5,22,R,DEM,57.5,42.5,15,R,6,85.5,7.9,3.7,1,0.4,1.5,31.4,33.6,57926,56.7,9.45,7.38,-1.06,Rural-suburban mix
MI4,R,65.3,34.7,30.6,R,Open-Used to be GOP,,39.1,-39.1,,D,R,61.6,32.1,29.5,R,GOP,62.6,37.4,25.2,R,10,93.5,1.9,2.3,0.5,0.6,1.2,21.9,21.7,48434,73.2,24.82,8.02,-1.05,Pure rural
MI5,D,32.6,67.4,-34.8,D,D,,66.7,-66.7,,D,D,35.1,61.2,-26.1,D,DEM,40.5,59.5,-19,D,-5,77.4,16.3,3.8,0.6,0.3,1.6,19,20.4,42800,61.6,-4.27,-22.39,-27.68,Sparse suburban
MI6,R,56.2,43.8,12.4,R,R,,40.4,-40.4,,D,R,58.6,36.4,22.2,R,GOP,54.3,45.7,8.6,R,4,86,7.5,3.4,1,0.3,1.8,28,29.2,51477,60.8,8.44,1.34,-7.92,Rural-suburban mix
MI7,R,55.4,44.6,10.8,R,R,,41.2,-41.2,,D,R,55.1,40,15.1,R,GOP,53.8,46.2,7.6,R,7,90.7,4.1,3.1,0.6,0.4,1.1,24.6,24.8,56427,68.1,17.07,3.09,-3.4,Pure rural
MI8,R,61.1,38.9,22.2,R,Open-Used to be GOP,,42.1,-42.1,,D,R,56,39.2,16.8,R,DEM,49.4,50.6,-1.2,D,4,87.2,5.2,3.6,2.1,0.2,1.6,40.6,40,66495,52.3,6.79,3.17,-5.65,Sparse suburban
MI9,D,35.5,64.5,-29,D,D,,60.4,-60.4,,D,D,37.4,57.9,-20.5,D,DEM,40.4,59.6,-19.2,D,-4,82.1,11.5,1.8,2.8,0.3,1.5,30.3,30.4,56582,57.1,-7.73,-15.31,-18.02,Dense suburban
MN1,D,42.4,57.6,-15.2,D,D,,54.2,-54.2,,D,D,49.6,50.3,-0.7,D,GOP,50.2,49.8,0.4,R,5,92.8,1.9,2.7,1.6,0.2,0.8,28,29,60424,65.8,14.91,-1.35,-4.14,Rural-suburban mix
MN2,R,54.1,45.9,8.2,R,R,,38.9,-38.9,,D,Open-Used to be GOP,47,45.2,1.8,R,DEM,47.2,52.8,-5.6,D,2,88.7,3.3,2.8,3.5,0.4,1.3,38.5,40,80128,53.2,1.2,-0.06,-2.88,Sparse suburban
MN3,R,58.2,41.8,16.4,R,R,,37.8,-37.8,,D,R,56.7,43,13.7,R,DEM,44.3,55.7,-11.4,D,-1,86.8,4.9,1.9,4.8,0.2,1.3,49,51.1,84689,42.4,-9.46,-0.82,-3.66,Sparse suburban
MN4,D,33.6,66.4,-32.8,D,D,,61.2,-61.2,,D,D,34.4,57.8,-23.4,D,DEM,34,66,-32,D,-14,78.6,7.6,3.7,7.6,0.5,2,42.2,47.9,66175,40.9,-30.97,-26.99,-27.09,Dense suburban
MN5,D,25.3,74.7,-49.4,D,D,,70.8,-70.8,,D,D,22.3,69.1,-46.8,D,DEM,21.8,78.2,-56.4,D,-26,75.5,13.3,3.3,4.1,1,2.7,44.5,53.1,59115,35.4,-55.24,-49.51,-48.94,Urban-suburban mix
MN6,R,50.6,49.4,1.2,R,Open-Used to be GOP,,38.4,-38.4,,D,R,65.6,34.3,31.3,R,GOP,61.2,38.8,22.4,R,12,93.6,1.6,1.5,1.8,0.4,1.1,29.5,29.7,77049,65.8,25.67,14.95,11.47,Rural-suburban mix
MN7,D,36.6,63.4,-26.8,D,D,,54.2,-54.2,,D,D,47.4,52.5,-5.1,D,DEM,47.9,52.1,-4.2,D,12,93.4,0.6,2.2,0.5,2.3,1,21.8,22.5,52620,72.4,30.76,9.73,3.24,Pure rural
MN8,R,45.5,54.5,-9,D,D,,48.5,-48.5,,D,D,49.6,50.2,-0.6,D,GOP,54.8,45.2,9.6,R,4,94,0.9,1.1,0.5,2.2,1.3,23,23.5,53676,71.9,15.62,-5.48,-8.5,Pure rural
MO1,D,18.5,81.5,-63,D,D,,73,-73,,D,D,20,75.5,-55.5,D,DEM,19.9,80.1,-60.2,D,-29,46.8,47.8,1.8,1.7,0.2,1.8,31.8,43.4,45172,26.4,-58.19,-60.97,-61.68,Dense suburban
MO2,Open Post-Redistrict,61.8,38.2,23.6,R,R,,32.6,-32.6,,D,R,58.5,37.7,20.8,R,GOP,52.9,47.1,5.8,R,8,91.1,3.6,1.6,2.6,0.1,0.9,49.2,49,79724,46.4,10.28,15.7,6.24,Dense suburban
MO3,R,65.9,34.1,31.8,R,R,,27.1,-27.1,,D,R,67.8,27.9,39.9,R,GOP,67.2,32.8,34.4,R,18,93.5,3.1,1.5,0.6,0.3,1.1,26.4,26.3,61929,68.9,39.02,25.94,13.03,Rural-suburban mix
MO4,R,63,37,26,R,R,,26.4,-26.4,,D,R,67.8,27.8,40,R,GOP,67.2,32.8,34.4,R,17,90,4.6,2.4,0.8,0.4,1.8,23.9,23.8,48065,68.5,35.95,24.83,14.6,Pure rural
MO5,D,37.9,62.1,-24.2,D,D,,51.6,-51.6,,D,D,38.2,58.8,-20.6,D,DEM,38.4,61.6,-23.2,D,-7,70.7,21,4.9,1.4,0.4,1.6,28.2,32.5,48693,47.6,-13.48,-19.54,-25.23,Dense suburban
MO6,R,66.7,33.3,33.4,R,R,,29.5,-29.5,,D,R,68,28.4,39.6,R,GOP,68,32,36,R,16,91,3.8,2.7,0.9,0.3,1.3,28.6,29,58532,64.5,31.44,22.13,12.19,Rural-suburban mix
MO7,R,67.4,32.6,34.8,R,R,,28.8,-28.8,,D,R,67.5,27.4,40.1,R,GOP,70,30,40,R,23,92.5,1.7,2.4,0.9,0.9,1.7,23.2,23.8,44619,70.5,45.68,37.21,27.77,Rural-suburban mix
MO8,R,74.6,25.4,49.2,R,R,,24.3,-24.3,,D,R,74.4,22.7,51.7,R,GOP,75,25,50,R,24,92.6,4.3,1.2,0.2,0.5,1.2,15,15.3,40639,78.4,54.39,33.89,21.64,Pure rural
MS1,R,62.1,37.9,24.2,R,R,,28.9,-28.9,,D,R,68.7,27.9,40.8,R,GOP,67.7,32.3,35.4,R,16,70.9,26.5,1.5,0.5,0.1,0.5,20.7,22.7,43194,54.8,32.96,24.86,25.88,Pure rural
MS2,D,31.6,68.4,-36.8,D,D,,67.7,-67.7,,D,D,29.1,67.1,-38,D,DEM,28.2,71.8,-43.6,D,-14,34.2,63.5,1.2,0.4,0.3,0.4,19.3,25,34392,25.7,-28.42,-33.34,-28.98,Pure rural
MS3,R,100,0,100,R,R,,27.9,-27.9,,D,R,66.2,30.4,35.8,R,GOP,63.7,36.3,27.4,R,13,63,34,1.1,0.6,0.8,0.5,25.9,31.5,45115,43.1,24.52,20.94,22.44,Pure rural
MS4,R,69,31,38,R,R,,24.3,-24.3,,D,R,65,27.8,37.2,R,GOP,70.7,29.3,41.4,R,21,73,22.3,2.3,1.1,0.3,1,21.1,23.5,45192,55.8,41.14,36.36,36.87,Rural-suburban mix
MTAL,Open Post-Redistrict,55.5,44.5,11,R,Open-Used to be GOP,,40.4,-40.4,,D,R,56.2,40.5,15.7,R,GOP,54,46,8,R,11,89.5,0.4,2.6,0.6,5.4,1.7,31,31.9,50027,60.9,20.53,13.66,2.38,Pure rural
NC1,D,,Redrawn,NA,D,D,,Redrawn,NA,,D,D,29,68.6,-39.6,D,DEM,30.2,69.8,-39.6,D,-17,47.8,46.1,2.6,1.3,0.7,1.4,27.7,37.7,40895,29.7,-37.07,-36.87,-35.23,Rural-suburban mix
NC10,R,,Redrawn,NA,D,R,,Redrawn,NA,,D,R,63.1,36.9,26.2,R,GOP,59.3,40.7,18.6,R,12,83.5,11.7,2.4,1.1,0.3,0.9,24.6,26.5,46508,61.3,24.66,18.05,15.82,Rural-suburban mix
NC11,Open Post-Redistrict,,Redrawn,NA,D,R,,Redrawn,NA,,D,R,64.1,35.9,28.2,R,GOP,61.3,38.7,22.6,R,14,91.6,3.1,2,0.9,1.3,1,24,25.2,43855,68.5,29.17,20.57,15.51,Pure rural
NC12,D,,Redrawn,NA,D,Open-Used to be Dem,,Redrawn,NA,,D,D,33,67,-34,D,DEM,27,73,-46,D,-18,49.7,39.4,5.6,3.1,0.3,2,39.8,52.3,59268,23.7,-40.01,-36.49,-37.89,Sparse suburban
NC13,Open Post-Redistrict,,Redrawn,NA,D,R,,Redrawn,NA,,D,Open-Used to be GOP,56.1,43.9,12.2,R,GOP,54.5,45.5,9,R,6,72.1,21.9,2.7,1.9,0.4,1.1,27,29.6,47440,50.7,9.39,6.8,3.11,Rural-suburban mix
NC2,R,,Redrawn,NA,D,R,,Redrawn,NA,,D,R,56.7,43.3,13.4,R,GOP,54.3,45.7,8.6,R,7,72.2,20.5,4.1,1.4,0.5,1.3,36.2,40.5,65792,42.9,9.65,12.96,9.54,Rural-suburban mix
NC3,R,,Redrawn,NA,D,R,,Redrawn,NA,,D,R,67.2,32.8,34.4,R,DEM,100,0,100,R,12,72.2,20.6,4.3,1,0.4,1.6,22.8,25.9,47565,53.4,23.68,17.92,14.34,Pure rural
NC4,D,,Redrawn,NA,D,D,,Redrawn,NA,,D,D,31.8,68.2,-36.4,D,DEM,27.7,72.3,-44.6,D,-17,66,23.3,3.9,4.9,0.4,1.6,54.5,63.9,70587,23.8,-40.03,-30.3,-32.54,Sparse suburban
NC5,R,,Redrawn,NA,D,R,,Redrawn,NA,,D,R,58.4,41.6,16.8,R,GOP,57.2,42.8,14.4,R,10,80.3,14.4,3.1,0.9,0.3,0.9,26.3,27.7,45001,58,17.59,14.21,9.57,Rural-suburban mix
NC6,R,,Redrawn,NA,D,Open-Used to be GOP,,Redrawn,NA,,D,R,59.2,40.8,18.4,R,GOP,56.6,43.4,13.2,R,9,73.8,20.6,3.1,1,0.4,1.1,24.6,28.3,47335,52.8,14.68,12.76,8.52,Rural-suburban mix
NC7,D,,Redrawn,NA,D,Open-Used to be Dem,,Redrawn,NA,,D,R,60.9,39.1,21.8,R,GOP,57.3,42.7,14.6,R,9,74.7,20,2.8,0.6,0.7,1.2,24.9,29.7,45002,52.4,17.7,12.64,9.9,Pure rural
NC8,D,,Redrawn,NA,D,R,,Redrawn,NA,,D,R,58.8,41.2,17.6,R,GOP,55.4,44.6,10.8,R,8,67.6,22.6,5.4,1.5,1,1.8,26.5,29.5,50570,47.6,14.99,10.32,8.56,Pure rural
NC9,Open Post-Redistrict,,Redrawn,NA,D,R,,Redrawn,NA,,D,R,58.2,41.8,16.4,R,DEM,51.2,48.8,2.4,R,8,65.7,20,3.1,1.7,8.3,1.3,33.8,41.5,55913,38.4,11.6,11.59,8.81,Sparse suburban
NDAL,Open Post-Redistrict,56.8,43.2,13.6,R,R,,38.5,-38.5,,D,R,69.1,23.7,45.4,R,GOP,64.4,35.6,28.8,R,16,90.1,1.4,2.2,0.6,4.3,1.4,29.6,31,60656,62.1,36.41,19.75,8.68,Rural-suburban mix
NE1,R,68.3,31.7,36.6,R,R,,31.2,-31.2,,D,R,69.5,30.5,39,R,GOP,60.5,39.5,21,R,11,89.7,2.5,4.2,1.5,0.9,1.2,32.5,33.9,58537,59.3,21.23,16.67,10.1,Rural-suburban mix
NE2,R,50.8,49.2,1.6,R,R,,49,-49,,D,R,48.9,47.7,1.2,R,GOP,51.6,48.4,3.2,R,4,82.4,9.1,5.1,1.5,0.4,1.4,39.2,43.7,62621,46.4,2.25,7.09,-1.17,Dense suburban
NE3,R,74.2,25.8,48.4,R,R,,24.6,-24.6,,D,R,100,0,100,R,GOP,76.7,23.3,53.4,R,27,91.2,0.8,6,0.5,0.6,0.9,22.2,23.9,50985,69.4,54.87,42.41,35.89,Pure rural
NH1,R,48,52,-4,D,D,,48.1,-48.1,,D,R,44.4,45.8,-1.4,D,DEM,46.5,53.5,-7,D,2,94.4,0.9,2.2,1.3,0.1,1.1,37.2,37.4,71277,59,1.59,-1.61,-6.4,Rural-suburban mix
NH2,R,47.5,52.5,-5,D,D,,54.9,-54.9,,D,D,45.4,49.8,-4.4,D,DEM,44.4,55.6,-11.2,D,-2,94.4,0.9,2.2,1.3,0.2,1.1,35.9,35.6,70524,60.7,-2.4,-9.65,-12.9,Pure rural
NJ1,D,30.5,69.5,-39,D,Open-Used to be Dem,,57.4,-57.4,,D,D,36.8,60,-23.2,D,DEM,35.7,64.3,-28.6,D,-13,69.6,16.3,9.1,3.8,0.1,1.2,30.4,33.4,68208,46.3,-24.46,-31.23,-30.47,Dense suburban
NJ10,D,10.8,89.2,-78.4,D,D,,85.4,-85.4,,D,D,11.9,85.7,-73.8,D,DEM,12.6,87.4,-74.8,D,-36,23.8,54.3,15,5.5,0.1,1.2,28.3,48.5,50100,12.1,-72.41,-76.39,-70.34,Pure urban
NJ11,R,59.5,40.5,19,R,R,,37.4,-37.4,,D,R,58,38.9,19.1,R,DEM,43.8,56.2,-12.4,D,3,80.1,3.6,7.8,7.5,0.1,0.9,54.4,55,108260,36,0.88,5.78,5.12,Sparse suburban
NJ12,D,29.9,70.1,-40.2,D,D,,61,-61,,D,D,32,62.9,-30.9,D,DEM,31.5,68.5,-37,D,-16,58.3,18.4,10.3,11.9,0.1,1,45.5,49.1,85744,29.6,-33.24,-34.07,-32.41,Dense suburban
NJ2,R,58.9,41.1,17.8,R,R,,37.3,-37.3,,D,R,59.2,37.2,22,R,DEM,47.7,52.3,-4.6,D,1,73.4,12.1,9.9,3,0.2,1.3,25.8,30.3,60756,51.1,4.62,-8.16,-7.63,Rural-suburban mix
NJ3,R,54.5,45.5,9,R,Open-Used to be GOP,,44.4,-44.4,,D,R,59.3,38.9,20.4,R,DEM,50.1,49.9,0.2,R,2,80.2,9.9,5.4,2.8,0.1,1.6,33.9,34.2,74537,52.7,6.19,-4.58,-3.45,Sparse suburban
NJ4,R,64.4,35.6,28.8,R,R,,31.1,-31.1,,D,R,63.7,33.5,30.2,R,GOP,57,43,14,R,8,83.6,6.2,5.9,3.4,0,0.9,39.6,42.1,78511,48.4,14.77,9.57,8.35,Sparse suburban
NJ5,R,56.3,43.7,12.6,R,R,,43.3,-43.3,,D,R,46.7,51.1,-4.4,D,DEM,44.8,55.2,-10.4,D,3,76.7,4.7,10.2,7.5,0.1,0.7,47.7,48.1,100219,39.7,1.12,3.01,2.03,Dense suburban
NJ6,D,35.8,64.2,-28.4,D,D,,59.9,-59.9,,D,D,34.9,63.7,-28.8,D,DEM,36.7,63.3,-26.6,D,-9,60.1,10.4,14.4,14,0.1,0.9,38.9,37.3,79229,37.6,-15.6,-24.04,-17.95,Dense suburban
NJ7,R,58.8,41.2,17.6,R,R,,38.8,-38.8,,D,R,54.1,43.1,11,R,DEM,48.5,51.5,-3,D,3,79.2,4.7,8.1,7.2,0,0.8,51.3,53.1,106896,37.1,-1.12,6.14,4.39,Sparse suburban
NJ8,D,19.5,80.5,-61,D,D,,77.4,-77.4,,D,D,18.5,77,-58.5,D,DEM,22.1,77.9,-55.8,D,-27,35,10.6,46.5,6.5,0.2,1.1,33.1,50.9,57391,16.9,-54.19,-57.5,-47.16,Pure urban
NJ9,D,25.3,74.7,-49.4,D,D,,68.5,-68.5,,D,D,28,69.7,-41.7,D,DEM,30,70,-40,D,-16,48.2,11,29.3,10.4,0.2,1,33.6,41,64964,28.3,-31.17,-37.57,-28.77,Pure urban
NM1,Open Post-Redistrict,40.8,59.2,-18.4,D,D,,58.6,-58.6,,D,D,34.9,65.1,-30.2,D,DEM,41,59,-18,D,-7,48.3,2.5,41.9,1.9,3.9,1.5,32.9,46.6,49570,25.6,-16.52,-15.65,-20.71,Dense suburban
NM2,R,59.1,40.9,18.2,R,R,,35.5,-35.5,,D,R,62.7,37.2,25.5,R,DEM,49.3,50.7,-1.4,D,6,46.1,1.8,45.2,0.6,5.3,1,21,30.5,41797,31.9,10.19,6.83,1.76,Rural-suburban mix
NM3,D,36.9,63.1,-26.2,D,D,,61.5,-61.5,,D,D,37.6,62.4,-24.8,D,DEM,36.7,63.3,-26.6,D,-8,43.7,1.4,35.9,0.9,16.9,1.2,27.2,42.7,49210,24.9,-15.16,-18.85,-23.71,Pure rural
NV1,D,33.2,66.8,-33.6,D,D,,56.8,-56.8,,D,D,28.8,61.9,-33.1,D,DEM,33.8,66.2,-32.4,D,-15,48,12.5,27.3,9.1,0.5,2.5,15.2,19.6,38000,38.5,-29,-33.24,-31.46,Urban-suburban mix
NV2,Open Post-Redistrict,61.4,38.6,22.8,R,R,,27.9,-27.9,,D,R,58.3,36.9,21.4,R,GOP,58.2,41.8,16.4,R,7,77.3,1.9,13,3.8,2.1,1.9,25.5,28.9,58214,54.9,12.37,8.06,-1.2,Rural-suburban mix
NV3,Open Post-Redistrict,54,46,8,R,R,,36.1,-36.1,,D,Open-Used to be GOP,46,47.2,-1.2,D,DEM,48.1,51.9,-3.8,D,2,64.3,6.7,13.1,12.4,0.4,3,31.5,32.9,68396,43.1,1,-0.8,-8.95,Urban-suburban mix
NV4,Open Post-Redistrict,45.7,54.3,-8.6,D,D,,45.8,-45.8,,D,R,44.5,48.5,-4,D,DEM,48,52,-4,D,-3,56.9,15.3,18.1,5.9,0.9,2.9,20.4,24.6,55712,42.8,-4.94,-10.71,-14.97,Urban-suburban mix
NY1,D,47.5,52.5,-5,D,D,,45.5,-45.5,,D,R,58.9,41,17.9,R,GOP,53.6,46.4,7.2,R,5,82.9,4.5,8.8,2.8,0.2,0.8,34.1,36.2,90435,52.8,12.29,-0.54,-3.72,Sparse suburban
NY10,D,19.2,80.8,-61.6,D,D,,87.4,-87.4,,D,D,21.9,78,-56.1,D,DEM,18.8,81.2,-62.4,D,-26,69,4.2,10.7,14.7,0.2,1.3,60.3,71.1,85756,19.8,-59.53,-48.62,-52.23,Pure urban
NY11,R,52.7,47.3,5.4,R,R,,42.1,-42.1,,D,R,61.5,36.7,24.8,R,DEM,47.2,52.8,-5.6,D,3,68.1,6.7,12.9,11.2,0.1,1,34.4,37.8,71072,42.3,9.83,-4.27,2.62,Pure urban
NY12,D,19.4,80.6,-61.2,D,D,,79.9,-79.9,,D,D,16.8,83.1,-66.3,D,DEM,13.8,86.2,-72.4,D,-31,71.1,4.6,11.9,10.5,0.1,1.7,72.2,80.3,100281,14,-69.8,-55.42,-61.28,Pure urban
NY13,D,6.5,93.5,-87,D,D,,87.3,-87.3,,D,Open-Used to be Dem,6.9,88.6,-81.7,D,DEM,5.4,94.6,-89.2,D,-43,17.4,29.4,47.5,4,0.2,1.6,31,71.7,41103,4.9,-86.85,-90.08,-87.18,Pure urban
NY14,D,15.3,84.7,-69.4,D,D,,88,-88,,D,D,17.1,82.8,-65.7,D,DEM,22,78,-56,D,-29,31.8,12.4,39.9,14.6,0.2,1.1,25.6,39.5,53512,19.1,-57.89,-62.4,-52.83,Pure urban
NY15,D,2.8,97.2,-94.4,D,D,,97.1,-97.1,,D,D,3.5,95.2,-91.7,D,DEM,4,96,-92,D,-44,3.5,31.7,61.9,1.8,0.3,0.7,12.4,27.7,29234,2.5,-88.87,-93.75,-89.36,Pure urban
NY16,D,23.1,76.9,-53.8,D,D,,99.3,-99.3,,D,D,0,94.4,-94.4,D,DEM,0,100,-100,D,-24,43.1,31.2,20,4.4,0.2,1,40.6,57.5,69086,18.2,-52.65,-48.16,-46.52,Pure urban
NY17,D,34.9,65.1,-30.2,D,D,,56.4,-56.4,,D,D,0,99.1,-99.1,D,DEM,12.1,87.9,-75.8,D,-7,69.8,10.3,13.4,5.2,0.1,1.1,44.5,52.2,94451,33.3,-20.14,-15.23,-16.82,Sparse suburban
NY18,R,48.1,51.9,-3.8,D,D,,49.7,-49.7,,D,D,44.4,55.6,-11.2,D,DEM,44.9,55.1,-10.2,D,1,75.5,8.7,11.9,2.4,0.2,1.3,35.7,39.1,80493,45.8,1.92,-4.29,-5.22,Rural-suburban mix
NY19,R,52.8,47.2,5.6,R,R,,35.5,-35.5,,D,Open-Used to be GOP,54.2,45.7,8.5,R,DEM,49.8,50.2,-0.4,D,2,88.8,3.8,5,1.1,0.1,1.2,29.2,30.1,59619,62,6.81,-6.26,-7.67,Pure rural
NY2,R,58.6,41.4,17.2,R,R,,30,-30,,D,R,62.4,37.5,24.9,R,GOP,53.3,46.7,6.6,R,3,72.5,9.2,14.6,2.6,0.1,1,31.2,35.4,93362,46.7,9.01,-4.41,-3.37,Dense suburban
NY20,D,31.6,68.4,-36.8,D,D,,61.2,-61.2,,D,D,32.1,67.9,-35.8,D,DEM,33.9,66.1,-32.2,D,-7,82.9,8.2,4.6,2.7,0.1,1.4,38.7,41.1,64226,48.7,-13.48,-20.39,-18.47,Sparse suburban
NY21,D,49,51,-2,D,D,,33.8,-33.8,,D,R,65.3,30.1,35.2,R,GOP,58.2,41.8,16.4,R,4,91.9,3.1,2.7,0.6,0.8,1,23.2,23.6,52350,70.1,13.86,-6.18,-4.93,Pure rural
NY22,R,60.7,39.3,21.4,R,R,,0,0,,D,Open-Used to be GOP,46.5,41,5.5,R,DEM,49.7,50.3,-0.6,D,6,91.3,3.3,2.7,1.4,0.2,1,26,26.5,52967,67,15.48,0.48,0.05,Rural-suburban mix
NY23,R,51.9,48.1,3.8,R,R,,38.3,-38.3,,D,R,57.6,42.4,15.2,R,GOP,55,45,10,R,6,91.6,2.8,2.9,1.2,0.5,1.1,26.1,25.7,48730,68,14.88,1.21,-0.82,Pure rural
NY24,R,47,53,-6,D,D,,40.3,-40.3,,D,R,60.5,39.4,21.1,R,GOP,53.1,46.9,6.2,R,-3,86.8,7,3.1,1.3,0.5,1.3,30.3,31.4,56388,59.5,-3.65,-15.96,-14.17,Rural-suburban mix
NY25,D,42.6,57.4,-14.8,D,D,,50.2,-50.2,,D,D,43.8,56.1,-12.3,D,DEM,41.4,58.6,-17.2,D,-8,76.4,13.5,6.5,2.1,0.2,1.3,37.3,42.9,53723,43.5,-16.37,-19.36,-18.87,Sparse suburban
NY26,D,25.2,74.8,-49.6,D,D,,68.1,-68.1,,D,D,25.4,74.6,-49.2,D,DEM,26.9,73.1,-46.2,D,-11,75.5,16.5,4.7,1.7,0.3,1.2,30.8,34.1,47358,49.7,-19.64,-29.64,-28.42,Urban-suburban mix
NY27,D,50.8,49.2,1.6,R,R,,28.9,-28.9,,D,R,67.2,32.8,34.4,R,GOP,51.6,48.4,3.2,R,11,93.6,2.5,1.9,0.8,0.6,0.7,30.7,31,62698,64.5,24.44,12.4,9.45,Pure rural
NY3,D,41.8,58.2,-16.4,D,D,,54.8,-54.8,,D,Open-Used to be Dem,47.2,52.8,-5.6,D,DEM,41.6,58.4,-16.8,D,-1,76.8,2.9,7.3,12.1,0.1,0.8,51.6,53.3,111504,35.8,-6.18,-2.56,-7.88,Dense suburban
NY4,D,34.3,65.7,-31.4,D,Open-Used to be Dem,,52.8,-52.8,,D,D,40.4,59.5,-19.1,D,DEM,39,61,-22,D,-4,66.6,14.4,12.4,5.6,0.1,0.9,42.5,48.9,100178,33.9,-9.61,-13.55,-11.4,Urban-suburban mix
NY5,D,9.6,90.4,-80.8,D,D,,94.9,-94.9,,D,D,13,85.4,-72.4,D,DEM,0,100,-100,D,-37,14.3,53.2,16.3,13.9,0.4,1.8,25.5,36.9,66529,8.4,-73.03,-81.49,-72.54,Pure urban
NY6,D,31.3,68.7,-37.4,D,D,,98.9,-98.9,,D,D,26.7,72.1,-45.4,D,DEM,9.2,90.8,-81.6,D,-16,44.5,4.4,17.9,31.7,0.2,1.4,35.9,43.1,61956,25.2,-33.04,-36.77,-27.7,Pure urban
NY7,D,0,100,-100,D,D,,88.7,-88.7,,D,D,9.2,90.7,-81.5,D,DEM,6.6,93.4,-86.8,D,-38,35.4,9.9,37.2,16.1,0.2,1.3,33.7,62.4,55207,13.2,-76.52,-78.01,-69.44,Pure urban
NY8,Open Post-Redistrict,8.8,91.2,-82.4,D,D,,92,-92,,D,D,0,93.2,-93.2,D,DEM,5.9,94.1,-88.2,D,-36,26.9,52.5,15,4.3,0.2,1.2,33.7,54.9,51634,12.1,-71.13,-79.11,-72.4,Pure urban
NY9,D,11.5,88.5,-77,D,D,,89.3,-89.3,,D,D,0,92.3,-92.3,D,DEM,10.7,89.3,-78.6,D,-34,35.2,47.7,9.8,5.8,0.2,1.2,37.5,62,54895,13.3,-69.04,-71.44,-68.67,Pure urban
OH1,R,60.6,39.4,21.2,R,R,,36.8,-36.8,,D,R,59.2,40.8,18.4,R,GOP,53.6,46.4,7.2,R,5,74.5,20.7,1.4,1.8,0.1,1.3,33.8,37.8,55712,46.3,6.65,6.14,4.56,Sparse suburban
OH10,Open Post-Redistrict,61.4,38.6,22.8,R,R,,31.5,-31.5,,D,R,64.1,32.7,31.4,R,GOP,58.1,41.9,16.2,R,4,78.8,16.4,1.7,1.4,0.1,1.5,27.9,29.3,49988,55.6,7.29,1.92,0,Sparse suburban
OH11,D,0,100,-100,D,D,,79.5,-79.5,,D,D,19.7,80.3,-60.6,D,DEM,18.1,81.9,-63.8,D,-32,41.6,52,3.2,1.5,0.2,1.5,26.8,41.1,35735,24.4,-63.5,-66.19,-64.82,Urban-suburban mix
OH12,R,63.5,36.5,27,R,R,,27.8,-27.8,,D,R,66.6,29.8,36.8,R,GOP,52.9,47.1,5.8,R,7,90.1,4.4,1.7,2,0.1,1.7,41,39.9,67415,54.1,11.27,10.47,8.98,Sparse suburban
OH13,Open Post-Redistrict,27.2,72.8,-45.6,D,D,,68.5,-68.5,,D,D,32.3,67.7,-35.4,D,DEM,39.2,60.8,-21.6,D,-7,85,10.7,2.2,0.6,0.2,1.3,23.7,24.8,42430,63.9,-6.49,-27.53,-26.47,Sparse suburban
OH14,Open Post-Redistrict,58.2,41.8,16.4,R,R,,33,-33,,D,R,62.6,37.4,25.2,R,GOP,55.4,44.6,10.8,R,5,92,4.2,1.6,1.3,0.1,0.9,34.1,33.9,63362,60.8,11.45,3.31,0.33,Sparse suburban
OH15,R,61.6,38.4,23.2,R,R,,34,-34,,D,R,66.2,33.8,32.4,R,GOP,60.5,39.5,21,R,7,92,3.8,1.3,1.4,0.1,1.4,31.4,30.8,61514,63.6,15.48,5.52,6.13,Rural-suburban mix
OH16,R,52,48,4,R,R,,36.3,-36.3,,D,R,65.3,34.7,30.6,R,GOP,56.8,43.2,13.6,R,8,94,2,1.6,1.4,0.1,0.8,33.3,33,64197,62.9,16.65,8.16,4.07,Sparse suburban
OH2,Open Post-Redistrict,58.6,41.4,17.2,R,R,,34,-34,,D,R,65,32.8,32.2,R,GOP,59,41,18,R,9,88.2,8.2,1.2,0.8,0.2,1.4,32.3,33.1,55472,59,16.09,11.09,9.88,Rural-suburban mix
OH3,Open Post-Redistrict,27.8,72.2,-44.4,D,D,,64.1,-64.1,,D,D,31.4,68.6,-37.2,D,DEM,26.7,73.3,-46.6,D,-19,62,30.3,2.7,2,0.2,2.8,27.8,33.1,45860,41.4,-38.4,-40.75,-36.05,Dense suburban
OH4,R,61.5,38.5,23,R,R,,32.3,-32.3,,D,R,68,32,36,R,GOP,65.4,34.6,30.8,R,14,90.4,5.1,2.5,0.5,0.2,1.2,17.9,18.1,52632,74,33.6,13.97,10.76,Rural-suburban mix
OH5,R,59.4,40.6,18.8,R,R,,28.9,-28.9,,D,R,70.9,29.1,41.8,R,GOP,65,35,30,R,11,91.7,2.8,3.7,0.9,0.1,0.8,26.2,26.1,57171,67.8,25.09,9.8,6.15,Rural-suburban mix
OH6,R,53.3,46.7,6.6,R,R,,38.6,-38.6,,D,R,70.7,29.3,41.4,R,GOP,69.3,30.7,38.6,R,16,95.5,2.3,0.7,0.3,0.2,1,15.9,16.1,46839,80.1,42.6,12.52,8.4,Pure rural
OH7,Open Post-Redistrict,56.4,43.6,12.8,R,R,,0,0,,D,R,64,29,35,R,GOP,58.9,41.1,17.8,R,12,93.2,3.7,1.3,0.4,0.1,1.2,20.9,21.1,53374,73.5,29.66,9.48,4.07,Rural-suburban mix
OH8,R,100,0,100,R,R,,27.4,-27.4,,D,R,68.8,27,41.8,R,GOP,66.8,33.2,33.6,R,17,90.3,5.5,1.6,1.1,0.1,1.4,23.8,24.1,58213,68.5,34.51,25.46,22.13,Rural-suburban mix
OH9,D,24,76,-52,D,D,,67.7,-67.7,,D,D,31.3,68.7,-37.4,D,DEM,32.4,67.6,-35.2,D,-14,74.3,14.7,8.3,0.9,0.2,1.6,21.6,24.6,41417,56,-22.18,-36.68,-35.2,Dense suburban
OK1,Open Post-Redistrict,66.5,33.5,33,R,R,,0,0,,D,R,100,0,100,R,GOP,59.3,40.7,18.6,R,17,74,8.4,4.5,1.6,5.2,6.2,30.2,34,52319,48.8,28.76,31.55,28.34,Sparse suburban
OK2,Open Post-Redistrict,59.9,40.1,19.8,R,R,,24.6,-24.6,,D,R,70.6,23.2,47.4,R,GOP,69.9,30.1,39.8,R,24,70.2,3.5,2.6,0.5,14.9,8.2,17,17.8,40770,57.7,50.08,35.61,31.42,Pure rural
OK3,R,79,21,58,R,R,,21.4,-21.4,,D,R,78.3,21.7,56.6,R,GOP,73.9,26.1,47.8,R,27,80.6,3.8,5.3,1,5.3,4,22.9,24.5,47724,60.8,52.79,47.84,45.86,Pure rural
OK4,R,71.1,28.9,42.2,R,R,,24.7,-24.7,,D,R,69.6,26.1,43.5,R,GOP,67,33,34,R,20,76.5,6.5,5.6,1.7,4.5,5.1,25.5,26.7,55183,56,37.4,34.22,32.21,Rural-suburban mix
OK5,R,61.2,38.8,22.4,R,Open-Used to be GOP,,36.3,-36.3,,D,R,57.1,36.8,20.3,R,DEM,49.3,50.7,-1.4,D,10,68.8,13.9,6.5,2.2,4.3,4.3,30.1,35,49616,44.7,13.4,18.42,18.48,Dense suburban
OR1,D,35.7,64.3,-28.6,D,D,,57.3,-57.3,,D,D,37,59.6,-22.6,D,DEM,36.5,63.5,-27,D,-9,82.5,1.6,7.1,5.6,0.5,2.8,41.1,43.3,72097,46.7,-22.8,-17.27,-21.84,Dense suburban
OR2,R,70.2,29.8,40.4,R,R,,25.7,-25.7,,D,R,71.7,28,43.7,R,GOP,60.8,39.2,21.6,R,11,87.7,0.6,7,0.9,1.6,2.3,23.8,25.8,49837,65,20.09,16.37,10.56,Rural-suburban mix
OR3,D,21,79,-58,D,D,,72.3,-72.3,,D,D,0,71.8,-71.8,D,DEM,27.2,72.8,-45.6,D,-24,80.3,4.6,5.7,5.8,0.6,3.1,41.2,45.4,63231,43.7,-48.26,-47.34,-48.62,Urban-suburban mix
OR4,D,39.8,60.2,-20.4,D,D,,58.6,-58.6,,D,D,39.7,55.5,-15.8,D,DEM,44,56,-12,D,0,89.5,0.7,4.3,1.6,1.1,2.8,26.7,26.9,46749,65.3,-0.14,-6.76,-11.51,Rural-suburban mix
OR5,D,44,56,-12,D,D,,53.7,-53.7,,D,D,43,53.5,-10.5,D,DEM,44.9,55.1,-10.2,D,0,85.3,0.9,8,2.5,0.8,2.5,30,32.4,60395,57.6,-4.25,-3.37,-8.76,Dense suburban
PA1,D,15.1,84.9,-69.8,D,D,,82.8,-82.8,,D,D,17.8,82.2,-64.4,D,GOP,51.3,48.7,2.6,R,1,47.3,33.2,13,5.1,0.2,1.2,27.4,39.1,45025,28.7,-61.28,-65.37,-58.13,Sparse suburban
PA10,R,65.6,34.4,31.2,R,R,,24.8,-24.8,,D,R,70.2,29.8,40.4,R,GOP,51.4,48.6,2.8,R,6,92.3,3.1,3.1,0.6,0.2,0.8,22.5,22.4,52199,71.6,35.89,21.65,14.14,Sparse suburban
PA11,R,58.5,41.5,17,R,R,,33.7,-33.7,,D,R,63.7,36.3,27.4,R,GOP,58.6,41.4,17.2,R,14,90.1,4.6,3.4,1,0.1,0.8,25.1,25.4,53833,67.2,23.82,9.34,4.62,Sparse suburban
PA12,D,51.7,48.3,3.4,R,R,,40.7,-40.7,,D,R,61.8,38.2,23.6,R,GOP,66.2,33.8,32.4,R,17,94.3,2.9,1,0.9,0.1,0.7,33.7,33.2,60387,63,20.8,16.87,9.38,Pure rural
PA13,D,30.9,69.1,-38.2,D,Open-Used to be Dem,,67.1,-67.1,,D,D,0,100,-100,D,GOP,70.4,29.6,40.8,R,22,66.6,17.3,8.2,6.5,0.1,1.4,35.4,40.3,60105,39.7,-33.58,-33.26,-31.69,Pure rural
PA14,D,23.1,76.9,-53.8,D,D,,100,-100,,D,D,25.6,74.4,-48.8,D,GOP,58,42,16,R,14,75.8,19.2,1.7,1.5,0.1,1.8,35.4,37.9,44939,47,-35.48,-37.35,-35.09,Rural-suburban mix
PA15,R,56.8,43.2,13.6,R,R,,0,0,,D,R,58.4,38,20.4,R,GOP,67.9,32.1,35.8,R,20,82,3.7,11.5,1.8,0.1,0.9,29.2,31.2,62755,56.3,7.62,2.9,-5.48,Pure rural
PA16,R,58.4,41.6,16.8,R,R,,42.3,-42.3,,D,Open-Used to be GOP,53.8,42.9,10.9,R,GOP,52.6,47.4,5.2,R,8,80.2,5.6,11.9,1.3,0.1,1,25.1,28.4,57144,57.4,6.81,6.1,-1.19,Rural-suburban mix
PA17,Open Post-Redistrict,39.7,60.3,-20.6,D,D,,56.8,-56.8,,D,D,46.2,53.8,-7.6,D,DEM,43.8,56.2,-12.4,D,3,87.2,4.9,5.6,1.2,0.1,0.9,22.7,23.3,51635,66.8,10.12,-12.12,-15.01,Sparse suburban
PA18,R,64,36,28,R,R,,0,0,,D,R,100,0,100,R,DEM,0,100,-100,D,-13,95.1,2.2,0.9,1,0.1,0.8,36.5,36.1,63825,60.7,19.54,16.95,11.48,Urban-suburban mix
PA2,D,9.5,90.5,-81,D,D,,87.7,-87.7,,D,Open-Used to be Dem,9.8,90.2,-80.4,D,DEM,21,79,-58,D,-25,32.8,56.9,4.8,3.5,0.2,1.8,36.7,68.8,41320,10.2,-82.83,-81.46,-82.19,Pure urban
PA3,R,57.2,42.8,14.4,R,R,,39.4,-39.4,,D,R,100,0,100,R,DEM,6.6,93.4,-86.8,D,-41,93.1,4,1.5,0.5,0.1,0.9,26.5,27,51289,67.9,26.03,12.55,5.97,Pure urban
PA4,Open Post-Redistrict,63.4,36.6,26.8,R,R,,25.5,-25.5,,D,R,66.1,33.9,32.2,R,DEM,36.6,63.4,-26.8,D,-7,86.4,6.6,4.3,1.4,0.1,1.1,26.7,27.3,61333,62.8,21.5,15.57,8.74,Sparse suburban
PA5,R,62.9,37.1,25.8,R,R,,36.4,-36.4,,D,R,67.2,32.8,34.4,R,DEM,34.9,65.1,-30.2,D,-13,94.1,2.5,1.6,0.8,0.2,0.7,25.1,24.8,48410,70.7,28.84,15.6,4.37,Urban-suburban mix
PA6,R,57.1,42.9,14.2,R,Open-Used to be GOP,,43.7,-43.7,,D,R,57.3,42.7,14.6,R,DEM,41.2,58.8,-17.6,D,-2,88.5,3.9,4,2.6,0.1,0.9,43.2,43.2,82139,50.2,-0.62,2.45,-7.08,Sparse suburban
PA7,R,59.4,40.6,18.8,R,R,,38,-38,,D,R,59.5,40.5,19,R,DEM,46.6,53.4,-6.8,D,-1,88.3,5.3,2.2,3.4,0,0.9,43.4,42.9,85881,50.4,-2.37,1.84,-3.43,Sparse suburban
PA8,R,56.6,43.4,13.2,R,R,,38.1,-38.1,,D,Open-Used to be GOP,54.5,45.5,9,R,DEM,45.4,54.6,-9.2,D,1,89.2,3.3,3.2,3.3,0.1,0.8,39.7,39.9,80199,53.6,0.24,0.07,-7.51,Rural-suburban mix
PA9,R,61.7,38.3,23.4,R,R,,36.5,-36.5,,D,R,63.3,36.7,26.6,R,GOP,59.9,40.1,19.8,R,14,94.7,2.7,1.2,0.5,0.1,0.8,18.6,18.5,47697,77.1,42.53,26.95,16.95,Pure rural
RI1,D,43.5,56.5,-13,D,D,,59.5,-59.5,,D,D,35.1,64.5,-29.4,D,DEM,33.3,66.7,-33.4,D,-14,79,6.3,10.5,2.2,0.4,1.6,34.2,38.7,56547,48,-25.53,-34.03,-34.84,Urban-suburban mix
RI2,D,38.7,61.3,-22.6,D,D,,62.2,-62.2,,D,D,30.7,58.1,-27.4,D,DEM,36.4,63.6,-27.2,D,-6,85.7,3.3,7.2,2.2,0.4,1.2,34,36.5,63976,54.3,-7.05,-21.55,-21.54,Sparse suburban
SC1,R,63.5,36.5,27,R,R,,0,0,,D,R,58.6,36.8,21.8,R,DEM,49.3,50.7,-1.4,D,10,75.5,18.3,3.2,1.5,0.3,1.3,39.9,45.4,64973,41.2,13.02,18.06,13.36,Sparse suburban
SC2,R,100,0,100,R,R,,35.3,-35.3,,D,R,60.2,35.9,24.3,R,GOP,57.5,42.5,15,R,12,71.5,22.9,2.6,1.4,0.2,1.4,33.5,36,57253,45.7,17.72,19.71,20.09,Rural-suburban mix
SC3,R,66.7,33.3,33.4,R,R,,28.8,-28.8,,D,R,72.8,27.1,45.7,R,GOP,69,31,38,R,19,78.2,18.5,1.8,0.6,0.2,0.8,22,25.2,45042,58.4,37.99,30.6,28.39,Pure rural
SC4,R,65.8,34.2,31.6,R,R,,0,0,,D,R,67.2,31,36.2,R,GOP,63.4,36.6,26.8,R,15,74.6,19.2,3.4,1.6,0.2,1,30.7,35.1,51718,48.4,25.74,25.97,22.86,Sparse suburban
SC5,R,55.6,44.4,11.2,R,R,,41.1,-41.1,,D,R,59.2,38.7,20.5,R,GOP,58.5,41.5,17,R,9,68.8,26.7,2.3,0.8,0.4,1.1,23,27.3,48743,50,18.48,11.49,11.11,Pure rural
SC6,D,0,100,-100,D,D,,72.5,-72.5,,D,D,27.6,70.1,-42.5,D,DEM,29.5,70.5,-41,D,-19,39.6,56.3,2,0.7,0.3,1.2,19.6,27.7,35296,28.6,-36.51,-42.81,-41.14,Pure rural
SC7,Open Post-Redistrict,55.6,44.4,11.2,R,R,,40,-40,,D,R,61,38.9,22.1,R,GOP,59.6,40.4,19.2,R,9,68.4,27.9,1.7,0.7,0.6,0.8,20.1,23.2,43146,52.5,18.91,10.11,8.31,Rural-suburban mix
SDAL,R,57.4,42.6,14.8,R,R,,33.5,-33.5,,D,R,64.1,35.9,28.2,R,GOP,64,36,28,R,14,87.8,1,2,0.6,7,1.5,28.9,30.9,54467,60.6,29.8,18.02,8.41,Pure rural
TN1,R,79.3,20.7,58.6,R,R,,0,0,,D,R,78.4,15.4,63,R,GOP,79,21,58,R,28,94.8,2.1,1.3,0.5,0.3,1.1,19.4,19.8,41006,76,57.04,47.03,41.29,Rural-suburban mix
TN2,R,78.3,21.7,56.6,R,R,,22.6,-22.6,,D,R,75.6,24.4,51.2,R,GOP,66.8,33.2,33.6,R,20,90.3,5.8,1.6,1,0.2,1.1,31,30.9,50701,62.3,35.4,36.41,29.44,Rural-suburban mix
TN3,R,63.4,36.6,26.8,R,R,,34.6,-34.6,,D,R,66.4,28.8,37.6,R,GOP,65.5,34.5,31,R,18,85.7,10.4,1.6,0.9,0.3,1.1,22.7,23.5,43938,65.5,35.23,28.21,24.03,Rural-suburban mix
TN4,R,55.8,44.2,11.6,R,R,,35.3,-35.3,,D,R,65,35,30,R,GOP,66.4,33.6,32.8,R,20,86,8.3,2.3,1,0.2,2,22.6,23,50598,66.1,41.14,32.23,26.79,Rural-suburban mix
TN5,D,33.4,66.6,-33.2,D,D,,62.3,-62.3,,D,D,37.4,62.6,-25.2,D,DEM,32.2,67.8,-35.6,D,-7,68.5,25.1,3,1.7,0.3,1.3,37.5,43.6,54470,38.6,-18.35,-13.41,-16.2,Sparse suburban
TN6,R,100,0,100,R,R,,23,-23,,D,R,71.1,21.8,49.3,R,GOP,71.7,28.3,43.4,R,24,92.5,4,1.6,0.6,0.3,1,21.9,21.9,50731,72.2,48.97,39.57,31.46,Pure rural
TN7,R,74.8,25.2,49.6,R,R,,26.8,-26.8,,D,R,72.2,23.5,48.7,R,GOP,67.9,32.1,35.8,R,20,84.2,9.9,3.2,1.2,0.3,1.2,28.1,28.8,53276,59.9,39.28,32.78,26.03,Pure rural
TN8,R,70.6,29.4,41.2,R,R,,24.6,-24.6,,D,R,68.8,25.1,43.7,R,GOP,69.9,30.1,39.8,R,19,76.8,19.3,1.7,1.2,0.2,0.8,27.6,28.9,54145,54.5,35.62,33.25,29.19,Rural-suburban mix
TN9,D,24.1,75.9,-51.8,D,D,,75,-75,,D,D,18.9,78.7,-59.8,D,DEM,20.1,79.9,-59.8,D,-28,29.2,66.4,2.1,1.1,0.1,1,24.1,38.2,39761,18,-57.76,-57.44,-54.5,Dense suburban
TX1,R,72.6,27.4,45.2,R,R,,22.5,-22.5,,D,R,73.9,24.1,49.8,R,GOP,73.7,26.3,47.4,R,25,71.3,18.5,8.2,0.8,0.4,0.9,20.9,24.7,45313,53.7,46.94,44.08,38.49,Pure rural
TX10,R,62.5,37.5,25,R,R,,34.1,-34.1,,D,R,57.3,38.4,18.9,R,GOP,53.1,46.9,6.2,R,9,65.6,11.2,17.7,4,0.2,1.3,38.7,45.5,73476,35.7,9.18,20.31,13.63,Rural-suburban mix
TX11,R,80.9,19.1,61.8,R,R,,0,0,,D,R,89.5,0,89.5,R,GOP,81.6,18.4,63.2,R,32,65.9,3.7,28.4,0.7,0.3,1,20.4,26.3,50602,48.5,58.73,59.6,52.89,Rural-suburban mix
TX12,R,72.7,27.3,45.4,R,R,,26.3,-26.3,,D,R,69.4,26.9,42.5,R,GOP,66.1,33.9,32.2,R,18,72.4,8.4,14.8,2.7,0.4,1.3,29.9,34.3,62214,47.5,30.21,35.16,28.23,Sparse suburban
TX13,R,100,0,100,R,R,,12.8,-12.8,,D,R,90,0,90,R,GOP,83.1,16.9,66.2,R,33,73.8,5.5,17.5,1.3,0.6,1.3,20.4,24.7,50150,55.6,63.05,61.68,54.72,Rural-suburban mix
TX14,Open Post-Redistrict,54.5,45.5,9,R,R,,36.1,-36.1,,D,R,61.9,38.1,23.8,R,GOP,60.8,39.2,21.6,R,12,59,20.9,16.4,2.4,0.3,1,22.7,28.4,58103,42.2,19.73,19.86,14.93,Sparse suburban
TX15,D,37.7,62.3,-24.6,D,D,,54,-54,,D,Open-Used to be Dem,37.7,57.3,-19.6,D,DEM,40.3,59.7,-19.4,D,-7,23.1,2.4,72.8,1.2,0.2,0.4,19.8,31.1,41947,15.9,-16.69,-15.89,-15.5,Sparse suburban
TX16,Open Post-Redistrict,33.5,66.5,-33,D,D,,67.5,-67.5,,D,D,0,85.7,-85.7,D,DEM,31.6,68.4,-36.8,D,-17,19,4.3,74.4,1.2,0.3,0.8,23.9,37,44045,11.9,-40.71,-29.65,-29.91,Dense suburban
TX17,R,100,0,100,R,R,,32.4,-32.4,,D,R,60.8,35.2,25.6,R,GOP,58.7,41.3,17.4,R,12,65.6,13.3,16.6,2.9,0.2,1.4,29.4,36.3,50888,41.8,17.47,22.66,17.05,Rural-suburban mix
TX18,D,23.1,76.9,-53.8,D,D,,71.8,-71.8,,D,D,23.6,73.5,-49.9,D,DEM,24.8,75.2,-50.4,D,-27,23.6,46.4,25,3.9,0.1,1,22.4,49.6,42662,11.8,-56.5,-53.31,-53.74,Dense suburban
TX19,R,100,0,100,R,R,,18.4,-18.4,,D,Open-Used to be GOP,86.7,0,86.7,R,GOP,75.3,24.7,50.6,R,27,62.5,6,29,1,0.4,1.1,22.4,30.8,47875,43.2,49.06,48.56,43.34,Rural-suburban mix
TX2,R,66.5,33.5,33,R,R,,29.6,-29.6,,D,R,60.6,36,24.6,R,GOP,54.5,45.5,9,R,11,59.9,11.5,20.6,6.4,0.3,1.4,40.8,49.9,72711,29.9,9.31,27.38,24.47,Dense suburban
TX20,Open Post-Redistrict,34.4,65.6,-31.2,D,D,,75.7,-75.7,,D,D,0,79.7,-79.7,D,DEM,19.1,80.9,-61.8,D,-10,26.7,5.6,64.3,2.2,0.2,1,24.7,42.7,49421,15.3,-26.72,-19.23,-17.66,Dense suburban
TX21,R,63.1,36.9,26.2,R,R,,0,0,,D,R,57,36.4,20.6,R,GOP,52.5,47.5,5,R,10,69.6,3.3,23.1,2.3,0.2,1.4,45.1,49.7,68987,35,9.97,21.94,14.27,Dense suburban
TX22,R,66.7,33.3,33.4,R,R,,31.6,-31.6,,D,R,59.5,40.5,19,R,GOP,53.6,46.4,7.2,R,10,49.7,14.5,19.5,14.7,0.3,1.3,45.1,46.6,87901,26.5,7.89,25.43,21.71,Sparse suburban
TX23,R,47.5,52.5,-5,D,D,,47.7,-47.7,,D,R,48.3,47,1.3,R,GOP,51.3,48.7,2.6,R,1,31.8,3.8,62,1.2,0.4,0.8,21.7,38.4,51293,19.6,-3.41,2.67,-0.62,Rural-suburban mix
TX24,R,62.9,37.1,25.8,R,R,,32.3,-32.3,,D,R,56.2,39.3,16.9,R,GOP,52.5,47.5,5,R,9,63.3,11.6,14.5,8.4,0.3,1.8,44.7,50.9,70454,31,6.25,22.45,17.92,Dense suburban
TX25,Open Post-Redistrict,60.9,39.1,21.8,R,R,,36.2,-36.2,,D,R,58.3,37.7,20.6,R,GOP,55.3,44.7,10.6,R,11,74.9,7.1,13.5,2.3,0.3,1.8,37.2,41.4,69083,43.8,14.86,22.1,13.35,Rural-suburban mix
TX26,R,70.4,29.6,40.8,R,R,,0,0,,D,R,66.4,29.6,36.8,R,GOP,61,39,22,R,18,74.4,7.5,12,3.9,0.4,1.8,44.2,46.7,87272,39.6,26.5,36.9,29.32,Sparse suburban
TX27,R,59.1,40.9,18.2,R,R,,33.7,-33.7,,D,R,61.7,38.3,23.4,R,GOP,63.4,36.6,26.8,R,13,47.3,5.4,45.2,1.1,0.2,0.8,20.3,29.3,53047,33.4,23.55,22.35,18.88,Rural-suburban mix
TX28,D,30.5,69.5,-39,D,D,,82.1,-82.1,,D,D,31.3,66.2,-34.9,D,DEM,15.6,84.4,-68.8,D,-9,24.5,5.3,68.3,0.8,0.2,0.9,17.7,28.3,44021,17.5,-19.89,-21.6,-17.35,Sparse suburban
TX29,D,0,100,-100,D,D,,89.5,-89.5,,D,D,24,72.5,-48.5,D,DEM,24.9,75.1,-50.2,D,-19,18.7,16.1,62.3,2.1,0.3,0.5,10.4,21.1,41737,14.7,-45.66,-32.91,-25.21,Dense suburban
TX3,R,100,0,100,R,R,,0,0,,D,R,61.2,34.6,26.6,R,GOP,55.8,44.2,11.6,R,13,69.2,9.1,9.7,10,0.3,1.6,53.5,55,88619,31.1,14.18,30.11,24.19,Dense suburban
TX30,D,19.4,80.6,-61.2,D,D,,87.9,-87.9,,D,D,15.1,81.6,-66.5,D,DEM,8.9,91.1,-82.2,D,-29,22.6,52.8,21.4,1.9,0.2,1.1,20.5,40.8,44689,13.3,-60.8,-59.98,-57.39,Dense suburban
TX31,R,63.7,36.3,27.4,R,R,,32,-32,,D,R,58.4,36.5,21.9,R,GOP,52.4,47.6,4.8,R,10,64.8,11.2,18.3,3.4,0.3,2,34.3,38.3,69228,40,12.74,21.34,13.35,Sparse suburban
TX32,R,59.6,40.4,19.2,R,R,,35.4,-35.4,,D,R,71.1,0,71.1,R,DEM,47.8,52.2,-4.4,D,5,63.8,13,14.2,6.7,0.2,2,43.4,55.7,70119,28.2,-1.87,15.52,11.26,Dense suburban
TX33,Open Post-Redistrict,26.2,73.8,-47.6,D,D,,86.5,-86.5,,D,D,26.3,73.7,-47.4,D,DEM,23.9,76.1,-52.2,D,-23,27,24.4,44.9,2.5,0.3,0.9,9.3,24.3,38445,20.4,-49.15,-44.86,-38.03,Dense suburban
TX34,Open Post-Redistrict,36.9,63.1,-26.2,D,D,,59.5,-59.5,,D,D,37.3,62.7,-25.4,D,DEM,40,60,-20,D,-10,20.4,1.7,77.1,0.5,0.1,0.2,15.1,26.1,37989,15,-21.53,-22.46,-21.02,Rural-suburban mix
TX35,D,33.4,66.6,-33.2,D,D,,62.5,-62.5,,D,D,31.6,63.1,-31.5,D,DEM,28.8,71.2,-42.4,D,-15,34.2,10.6,52.4,1.3,0.2,1.2,20.4,34.3,48490,22.4,-33.6,-28.4,-27.83,Dense suburban
TX36,Open Post-Redistrict,72.7,27.3,45.4,R,Open-Used to be GOP,,22.1,-22.1,,D,R,88.6,0,88.6,R,GOP,72.6,27.4,45.2,R,26,71.6,9.5,15.6,1.7,0.4,1.2,19.4,21.7,58984,56,46.75,47.45,40.03,Rural-suburban mix
TX4,R,75.2,24.8,50.4,R,Open-Used to be GOP,,0,0,,D,R,88,0,88,R,GOP,77,23,54,R,28,79.6,10.7,6.9,0.7,0.6,1.5,22.1,24.3,52481,60.2,53.64,49.19,40.55,Pure rural
TX5,R,66,34,32,R,R,,0,0,,D,R,80.6,0,80.6,R,GOP,62.5,37.5,25,R,16,66.8,16.2,13.9,1.6,0.5,1.1,21.1,26,50536,49.4,28.39,30.17,24.51,Rural-suburban mix
TX6,R,59.7,40.3,19.4,R,R,,36.4,-36.4,,D,R,58.3,39,19.3,R,GOP,54.6,45.4,9.2,R,9,60.1,19.4,14.5,4.2,0.4,1.4,28.7,32.2,65758,40.7,12.25,17.16,14.87,Dense suburban
TX7,R,62.5,37.5,25,R,R,,34.5,-34.5,,D,R,56.2,43.8,12.4,R,DEM,47.5,52.5,-5,D,7,56.8,14.1,19,8.7,0.2,1.3,50.7,61.5,71183,21.8,-1.37,21.33,18.33,Urban-suburban mix
TX8,R,79.2,20.8,58.4,R,R,,0,0,,D,R,100,0,100,R,GOP,75.2,24.8,50.4,R,28,74.9,9,12.4,2.2,0.3,1.2,30.2,32.5,64861,50.5,48.82,55.27,46.98,Rural-suburban mix
TX9,D,20.1,79.9,-59.8,D,D,,90.8,-90.8,,D,D,19.4,80.6,-61.2,D,DEM,10.9,89.1,-78.2,D,-29,16.9,47.7,23.2,11,0.2,1,23.8,44.5,46048,9.4,-61.3,-56.88,-52.75,Urban-suburban mix
UT1,R,74.3,25.7,48.6,R,R,,27.9,-27.9,,D,R,65.9,26.4,39.5,R,GOP,75.6,24.4,51.2,R,26,87.3,0.9,7.9,1.6,0.9,1.3,28.9,31.3,65896,59.9,27.37,56.97,38.32,Sparse suburban
UT2,Open Post-Redistrict,65,35,30,R,R,,32.9,-32.9,,D,R,61.6,33.9,27.7,R,GOP,61.8,38.2,23.6,R,16,85.7,0.9,8.4,2.7,0.9,1.3,32.5,35.3,60700,55.4,14.04,38.78,20.09,Rural-suburban mix
UT3,R,76.6,23.4,53.2,R,R,,22.5,-22.5,,D,R,73.5,26.5,47,R,GOP,72.9,27.1,45.8,R,25,88.8,0.5,5.9,1.9,1.4,1.6,41.6,44,70763,49.7,23.91,58.8,37.99,Sparse suburban
UT4,D,49.8,50.2,-0.4,D,Open-Used to be Dem,,45.8,-45.8,,D,R,53.8,41.3,12.5,R,DEM,49.8,50.2,-0.4,D,13,84.4,1.2,9.2,3.3,0.7,1.2,28.2,31.2,68711,58,6.72,36.95,15.2,Dense suburban
VA1,R,,Redrawn,#VALUE!,D,R,,Redrawn,#VALUE!,,D,R,59.9,36.6,23.3,R,GOP,55.3,44.7,10.6,R,8,73.3,16.7,5.3,2.4,0.4,1.9,37.5,41.2,81338,43,12.41,11.87,9.36,Rural-suburban mix
VA10,R,60.1,39.9,20.2,R,Open-Used to be GOP,,40.4,-40.4,,D,R,52.7,46.9,5.8,R,DEM,43.8,56.2,-12.4,D,-1,72.5,7.2,7.1,10.9,0.3,2.1,54.3,56.7,120384,31.3,-9.93,1.13,-2.83,Sparse suburban
VA11,D,36.8,63.2,-26.4,D,D,,56.9,-56.9,,D,D,0,87.9,-87.9,D,DEM,28.8,71.2,-42.4,D,-15,58.2,13.5,10.8,14.7,0.1,2.8,55.5,66.5,106554,19.4,-39.42,-26.16,-25.35,Dense suburban
VA2,R,,Redrawn,#VALUE!,D,R,,Redrawn,#VALUE!,,D,Open-Used to be GOP,61.3,38.5,22.8,R,DEM,48.9,51.1,-2.2,D,3,68,19.3,5.5,4.4,0.3,2.4,34.4,38.5,66953,41.8,3.4,2.27,1.15,Dense suburban
VA3,D,,Redrawn,#VALUE!,D,D,,Redrawn,#VALUE!,,D,D,33.1,66.7,-33.6,D,DEM,0,100,-100,D,-16,46.3,45.1,4,2.2,0.3,2.1,26.2,32.3,51794,31.3,-31.75,-36.26,-34.26,Dense suburban
VA4,R,,Redrawn,#VALUE!,D,R,,Redrawn,#VALUE!,,D,Open-Used to be GOP,42,57.7,-15.7,D,DEM,37.5,62.5,-25,D,-10,52.1,41.5,2.8,1.6,0.3,1.8,30.1,37.8,54607,32.4,-21.52,-21.81,-22.08,Rural-suburban mix
VA5,R,56.4,43.6,12.8,R,R,,35.9,-35.9,,D,Open-Used to be GOP,58.2,41.6,16.6,R,GOP,53.3,46.7,6.6,R,6,75.9,20.1,1.6,1,0.2,1.2,27.9,31.5,52237,52,11.09,6.67,3.14,Pure rural
VA6,R,65.4,34.6,30.8,R,R,,0,0,,D,R,66.6,33.1,33.5,R,GOP,59.9,40.1,19.8,R,13,84.9,10.2,2.4,1.1,0.2,1.2,26.6,28.7,50061,60.5,24.81,19.38,15,Rural-suburban mix
VA7,R,,Redrawn,#VALUE!,D,Open-Used to be GOP,,Redrawn,#VALUE!,,D,R,57.5,42.2,15.3,R,DEM,49.7,50.3,-0.6,D,6,73.2,18.4,3.5,3,0.2,1.6,39,43.1,73580,41.6,6.5,10.52,7.84,Rural-suburban mix
VA8,D,32.1,67.9,-35.8,D,Open-Used to be Dem,,63.1,-63.1,,D,D,27.3,68.4,-41.1,D,DEM,23.7,76.3,-52.6,D,-21,64.1,13.6,10,9.8,0.2,2.4,61.8,77.1,100719,14.6,-52.61,-36.76,-37.76,Urban-suburban mix
VA9,R,61.4,38.6,22.8,R,R,,0,0,,D,R,68.6,28.3,40.3,R,GOP,65.3,34.7,30.6,R,19,91.8,5.4,1.1,0.8,0.1,0.8,20.4,20,41698,73.4,41.48,28.18,18.12,Pure rural
VTAL,D,24.4,75.6,-51.2,D,D,,64.4,-64.4,,D,D,0,89.5,-89.5,D,DEM,30.7,69.3,-38.6,D,-15,95.4,0.8,1.4,0.9,0.3,1.3,36.4,36.5,57677,60.5,-26.41,-35.84,-37.17,Pure rural
WA1,D,46.1,53.9,-7.8,D,D,,55,-55,,D,D,44.6,55.4,-10.8,D,DEM,40.8,59.2,-18.4,D,-6,83.8,1.1,4.8,6.7,1,2.5,43.4,41.5,91018,48.9,-16.28,-10.82,-14.42,Sparse suburban
WA10,Open Post-Redistrict,41.4,58.6,-17.2,D,D,,54.7,-54.7,,D,D,41.3,58.7,-17.4,D,DEM,38.7,61.3,-22.6,D,-5,74.6,6.1,6.9,6.8,1.3,4.3,28.7,30.9,62206,51.4,-11.35,-15.22,-16.17,Dense suburban
WA2,D,38.9,61.1,-22.2,D,D,,60.6,-60.6,,D,D,36,64,-28,D,DEM,28.5,71.5,-43,D,-10,80.4,2.4,5.8,7,1.2,3.3,30.3,31.4,65187,55.1,-22.1,-21.2,-22.91,Dense suburban
WA3,R,60.4,39.6,20.8,R,R,,38.5,-38.5,,D,R,61.8,38.2,23.6,R,GOP,52.9,47.1,5.8,R,4,87.6,1.4,4.5,3,0.8,2.8,25.4,25.8,61304,65,7.41,1.64,-3.84,Rural-suburban mix
WA4,R,66.2,33.8,32.4,R,Open-Used to be GOP,,0,0,,D,R,100,0,100,R,GOP,64.5,35.5,29,R,13,72.6,1.1,20.4,1.3,2.6,2,20.1,26.4,52484,53.4,22.86,21.82,19.76,Rural-suburban mix
WA5,R,61.9,38.1,23.8,R,R,,39.3,-39.3,,D,R,59.6,40.4,19.2,R,GOP,55.1,44.9,10.2,R,8,88.5,1.4,4.1,1.9,1.4,2.6,30.4,30.9,51697,61.1,13.03,9.8,4.95,Rural-suburban mix
WA6,Open Post-Redistrict,41,59,-18,D,D,,63,-63,,D,D,38.5,61.5,-23,D,DEM,36.6,63.4,-26.8,D,-6,82.5,3.5,4.6,3.8,1.7,3.9,29.7,31.6,60616,56.4,-12.36,-14.96,-16.12,Rural-suburban mix
WA7,D,20.3,79.7,-59.4,D,D,,81,-81,,D,Open-Used to be Dem,0,100,-100,D,DEM,16.6,83.4,-66.8,D,-33,78.1,3.5,5,8.8,0.6,4.1,61,64.5,84579,27.7,-69.95,-61.12,-62.36,Urban-suburban mix
WA8,R,59.7,40.3,19.4,R,R,,36.7,-36.7,,D,R,60.2,39.8,20.4,R,DEM,47.4,52.6,-5.2,D,0,81.3,2.7,6.1,6.4,0.9,2.8,34.5,35.1,79516,52.7,-3.04,-1.56,-4.7,Sparse suburban
WA9,D,28.4,71.6,-43.2,D,D,,70.8,-70.8,,D,D,27.1,72.9,-45.8,D,DEM,31.8,68.2,-36.4,D,-21,58.5,10.5,6,19.8,0.7,4.6,41.8,48.1,75407,30.3,-47.13,-38.71,-38.66,Dense suburban
WI1,R,55.9,44.1,11.8,R,R,,36.6,-36.6,,D,R,64.9,30.2,34.7,R,GOP,57.7,42.3,15.4,R,5,86.8,5,5.6,1.3,0.3,1,28.2,29.7,61589,61,10.38,4.21,-2.66,Sparse suburban
WI2,Open Post-Redistrict,32,68,-36,D,D,,68.4,-68.4,,D,D,31.2,68.7,-37.5,D,DEM,0,100,-100,D,-18,89.4,3.6,2.9,2.4,0.3,1.3,42.6,43.3,65589,50.7,-36.8,-37.84,-41.51,Rural-suburban mix
WI3,D,35.9,64.1,-28.2,D,D,,56.5,-56.5,,D,D,0,98.9,-98.9,D,DEM,40.3,59.7,-19.4,D,0,94.8,1,1.3,1.5,0.5,0.8,25.4,25.8,52154,70.3,4.5,-11,-20.22,Pure rural
WI4,D,25.6,74.4,-48.8,D,D,,70.2,-70.2,,D,D,0,76.7,-76.7,D,DEM,24.3,75.7,-51.4,D,-25,52.6,32.8,9.7,2.6,0.5,1.8,27.4,39.9,41816,31.6,-52.16,-51.55,-49.8,Urban-suburban mix
WI5,R,67.9,32.1,35.8,R,R,,30.4,-30.4,,D,R,66.7,29.3,37.4,R,GOP,62,38,24,R,13,92.4,1.8,3.3,1.4,0.2,0.8,36.9,36.9,68162,58.3,20.14,23.57,15.41,Sparse suburban
WI6,R,62.2,37.8,24.4,R,Open-Used to be GOP,,40.9,-40.9,,D,R,57.2,37.3,19.9,R,GOP,55.5,44.5,11,R,8,93.6,1.5,2.3,1.4,0.5,0.7,26.4,26.8,57129,68.5,16.83,7.32,-0.12,Rural-suburban mix
WI7,R,56.2,43.8,12.4,R,R,,39.4,-39.4,,D,R,61.7,38.3,23.4,R,GOP,61.5,38.5,23,R,8,94.6,0.5,1.2,1,1.8,0.9,23.1,23.4,51738,72.5,20.44,3.08,-7.84,Pure rural
WI8,R,56,44,12,R,R,,34.9,-34.9,,D,Open-Used to be GOP,62.6,37.3,25.3,R,GOP,63.7,36.3,27.4,R,7,92.3,1,2.2,1.4,2.1,1,25.4,26,57888,68.3,17.57,3.7,-8.63,Rural-suburban mix
WV1,R,62.5,37.5,25,R,R,,36.1,-36.1,,D,R,69,31,38,R,GOP,64.6,35.4,29.2,R,19,95,2.4,0.9,0.6,0.2,0.9,23.5,23.1,45611,73,41.64,26.64,15.19,Pure rural
WV2,R,69.8,30.2,39.6,R,Open-Used to be GOP,,43.9,-43.9,,D,R,58.2,41.8,16.4,R,GOP,57.1,42.9,14.2,R,17,92.5,3.8,1.3,0.6,0.2,1.6,21.5,21.1,48358,72.9,36.44,22.04,10.79,Pure rural
WV3,D,46,54,-8,D,D,,44.7,-44.7,,D,R,67.9,24,43.9,R,GOP,56.4,43.6,12.8,R,23,94,3.8,0.8,0.4,0.2,0.9,17.4,17.2,37728,77.8,49.27,32.21,13.44,Pure rural
WYAL,R,74.3,25.7,48.6,R,R,,22.9,-22.9,,D,Open-Used to be GOP,62,30,32,R,GOP,70.2,29.8,40.4,R,25,88.4,0.9,6.9,0.6,1.8,1.5,27.1,28.5,59882,63.1,47.58,41.16,32.43,Pure rural