District,State,State_Abbreviation,CD#,CD,2018_Cook_PVI_Score,2018_Winner,Party,flipped_seat,Dem_Votes_2018,GOP_Votes_2018,Other_Votes_2018,Dem_2018_Vote_Share,GOP_2018_Vote_Share,Clinton_Vote_Share,Trump_Vote_Share,City_Lab_Congressional_Index,2018_Cook_PVI_Score_intg,2018_Cook_PVI_Index,Pct_white,Pct_black,Pct_latino,Pct_asian_and_pacific_islander,Pct_native_american,Pct_other_race,Percent_bach_degree ,Percent_whiteBA,median_income,Percent_noncollege_white
AKAL,Alaska,AK,AL,AK-AL,-9,Don Young,R,No,"131,199","149,779","1,188",46.50,53.10,37.6,52.8,Pure rural,-9,R+9,67.9,3.1,5.4,5,13,5.6,29.6,36.7,76440,42.9
AL1,Alabama,AL,1,AL-1,-15,Bradley Byrne,R,No,"89,226","153,228",163,36.80,63.20,34.1,63.5,Rural-suburban mix,-15,R+15,68.7,26.5,1.8,0.9,1,1.1,24,27.7,47083,49.6
AL2,Alabama,AL,2,AL-2,-16,Martha Roby,R,No,"86,931","138,879",420,38.40,61.40,33,64.9,Pure rural,-16,R+16,66.1,29.9,1.8,0.7,0.4,1.1,21.8,24.2,42035,50.1
AL3,Alabama,AL,3,AL-3,-16,Mike Rogers,R,No,"83,996","147,770",149,36.20,63.70,32.3,65.3,Pure rural,-16,R+16,71.4,25.1,1.7,0.7,0.3,0.9,22.8,23.7,46544,54.4
AL4,Alabama,AL,4,AL-4,-30,Robert Aderholt,R,No,"46,492","184,255",222,20.10,79.80,17.4,80.4,Pure rural,-30,R+30,88.8,6.9,1.8,0.5,0.7,1.3,17,17.8,41110,73
AL5,Alabama,AL,5,AL-5,-18,Mo Brooks,R,No,"101,388","159,063",222,38.90,61.00,31.3,64.7,Rural-suburban mix,-18,R+18,77.3,17.1,2.2,1.1,0.6,1.6,30.3,31,51690,53.3
AL6,Alabama,AL,6,AL-6,-26,Gary Palmer,R,No,"85,644","192,542",142,30.80,69.20,26.1,70.8,Rural-suburban mix,-26,R+26,81.8,14.4,1.6,1,0.2,0.9,36.7,38.2,61413,50.5
AL7,Alabama,AL,7,AL-7,20,Terri Sewell,D,No,"185,010",0,"4,153",97.80,0.00,69.8,28.6,Rural-suburban mix,20,D+20,35.6,62.1,1.1,0.4,0.1,0.8,19.4,28.5,34664,25.4
AR1,Arkansas,AR,1,AR-1,-17,Rick Crawford,R,No,"57,907","138,757","4,581",28.80,68.90,30.2,65,Pure rural,-17,R+17,79.6,16.9,1.8,0.3,0.4,1.1,16.5,17.6,40492,65.6
AR2,Arkansas,AR,2,AR-2,-7,French Hill,R,No,"116,135","132,125","5,193",45.80,52.10,41.7,52.4,Rural-suburban mix,-7,R+7,73.7,21.2,2.4,1,0.3,1.4,30,32.5,49498,49.7
AR3,Arkansas,AR,3,AR-3,-19,Steve Womack,R,No,"74,952","148,717","6,039",32.60,64.70,30.5,61.9,Rural-suburban mix,-19,R+19,86.2,2.9,5.9,1.9,1.1,2,26.9,28.8,47903,61.3
AR4,Arkansas,AR,4,AR-4,-17,Bruce Westerman,R,No,"63,984","136,740","4,168",31.20,66.70,31.3,64.2,Pure rural,-17,R+17,76.5,19.1,2.2,0.4,0.6,1.2,15.8,17,39586,63.4
AZ1,Arizona,AZ,1,AZ-1,-2,Tom O'Halleran,D,Yes (to Democrats),"143,240","122,784",65,53.80,46.10,46.6,47.7,Pure rural,-2,R+2,56.1,2.2,17.1,1.3,21.8,1.6,24.5,34.2,50537,36.8
AZ2,Arizona,AZ,2,AZ-2,-1,Ann Kirkpatrick,D,Yes (to Democrats),"161,000","133,083",69,54.70,45.20,49.6,44.7,Dense suburban,-1,R+1,70,3.6,21.1,2.5,0.9,1.8,34,38.8,49072,42.8
AZ3,Arizona,AZ,3,AZ-3,13,Raul Grijalva,D,No,"114,650","64,868",0,63.90,36.10,62.4,32.5,Dense suburban,13,D+13,37.5,5,51.1,1.7,3.5,1.3,16.5,26.9,44224,27.3
AZ4,Arizona,AZ,4,AZ-4,-21,Paul Gosar,R,No,"84,521","188,842","3,672",30.50,68.20,27.5,67.7,Rural-suburban mix,-21,R+21,81.8,1.7,12.6,1.1,1.5,1.4,19.2,20.5,49466,64.9
AZ5,Arizona,AZ,5,AZ-5,-15,Andy Biggs,R,No,"127,027","186,037",0,40.60,59.40,36.5,57.6,Dense suburban,-15,R+15,78,2.9,13.3,3.7,0.8,1.4,36,37.5,71693,48.7
AZ6,Arizona,AZ,6,AZ-6,-9,David Schweikert,R,No,"140,559","173,140",0,44.80,55.20,42.4,52.4,Dense suburban,-9,R+9,81.4,2.5,10.3,3,1.4,1.4,45.4,48.5,67830,41.9
AZ7,Arizona,AZ,7,AZ-7,23,Ruben Gallego,D,No,"113,044",301,"18,706",85.60,0.20,71.8,22.6,Urban-suburban mix,23,D+23,33.9,12.1,47.1,2.5,2.9,1.4,14,26.5,40991,24.9
AZ8,Arizona,AZ,8,AZ-8,-13,Debbie Lesko,R,No,"135,569","168,835",13,44.50,55.50,37,58.1,Dense suburban,-13,R+13,76.2,4.2,14.6,2.7,0.7,1.5,29.4,31.3,61754,52.3
AZ9,Arizona,AZ,9,AZ-9,4,Greg Stanton,D,No,"159,583","101,662",0,61.10,38.90,54.7,38.4,Urban-suburban mix,4,D+4,67.9,5.3,18.7,3.6,2.7,1.9,37.5,44.7,55349,37.4
CA1,California,CA,1,CA-1,-11,Doug LaMalfa,R,No,"131,548","160,046",0,45.10,54.90,36.5,56.2,Rural-suburban mix,-11,R+11,82.7,1.5,9.4,2.2,1.5,2.7,23.7,25.7,47488,61.4
CA2,California,CA,2,CA-2,22,Jared Huffman,D,No,"243,081","72,576",0,77.00,23.00,69,23.3,Rural-suburban mix,22,D+22,80.6,1.6,9.7,3.4,1.8,2.9,40.8,45.9,66604,43.5
CA3,California,CA,3,CA-3,5,John Garamendi,D,No,"134,875","97,376",0,58.10,41.90,53,40.4,Rural-suburban mix,5,D+5,58.8,6.8,19.6,10.5,0.8,3.5,25.1,28.5,61508,41.9
CA4,California,CA,4,CA-4,-10,Tom McClintock,R,No,"156,253","184,401",0,45.90,54.10,39.3,54,Rural-suburban mix,-10,R+10,82.3,1.3,9.1,4,0.9,2.4,33.3,33.7,74074,54.5
CA5,California,CA,5,CA-5,21,Mike Thompson,D,No,"205,860",0,"55,158",78.90,0.00,69.2,24.3,Dense suburban,21,D+21,61.8,6.6,16.8,11,0.5,3.3,31.2,37.5,73006,38.5
CA6,California,CA,6,CA-6,21,Doris Matsui,D,No,"201,939",0,0,100.00,0.00,69.2,24.4,Urban-suburban mix,21,D+21,46.3,13.6,20.2,15.8,0.5,3.7,27.5,36.6,51932,29.2
CA7,California,CA,7,CA-7,3,Ami Bera,D,No,"155,016","126,601",0,55.00,45.00,52.3,40.9,Dense suburban,3,D+3,61.6,7.6,13,13.7,0.5,3.5,32.9,34.1,68735,40.5
CA8,California,CA,8,CA-8,-9,Paul Cook,R,No,0,"170,785",0,0.00,100.00,39.6,54.7,Rural-suburban mix,-9,R+9,56.2,8,29.8,3.1,0.9,1.9,17.1,20.6,49194,44.5
CA9,California,CA,9,CA-9,8,Jerry McNerney,D,No,"113,414","87,349",0,56.50,43.50,56.6,38,Dense suburban,8,D+8,45.7,9.7,27.3,13.9,0.4,3,19.1,24.4,61454,34.4
CA10,California,CA,10,CA-10,0,Josh Harder,D,Yes (to Democrats),"115,945","105,955",0,52.30,47.70,48.5,45.5,Dense suburban,0,EVEN,55.6,3.5,30.8,6.8,0.5,2.8,16.6,21,60235,43.8
CA11,California,CA,11,CA-11,21,Mark DeSaulnier,D,No,"204,369","71,312",0,74.10,25.90,71.5,22.7,Urban-suburban mix,21,D+21,57.6,9.5,16,13.3,0.3,3.4,43.6,56.5,86000,25
CA12,California,CA,12,CA-12,37,Nancy Pelosi,D,No,"275,292","41,780",0,86.80,13.20,86.2,8.7,Pure urban,37,D+37,49.5,5.7,11,30.7,0.2,3,59.5,78.1,105918,10.8
CA13,California,CA,13,CA-13,40,Barbara Lee,D,No,"260,580",0,"34,257",88.40,0.00,87.4,6.8,Pure urban,40,D+40,42,19.8,13.6,20.2,0.4,3.9,47.2,70.8,73601,12.2
CA14,California,CA,14,CA-14,27,Jackie Speier,D,No,"211,384","55,439",0,79.20,20.80,76.9,18.2,Urban-suburban mix,27,D+27,42.9,3.6,17.3,33.2,0.2,2.7,47.5,56.9,103850,18.4
CA15,California,CA,15,CA-15,20,Eric Swalwell,D,No,"177,989","65,940",0,73.00,27.00,69.9,24.2,Urban-suburban mix,20,D+20,43.9,7,17.1,28.7,0.3,3,45,47.1,106291,23.2
CA16,California,CA,16,CA-16,9,Jim Costa,D,No,"82,266","60,693",0,57.50,42.50,58,36.4,Dense suburban,9,D+9,34.6,7.6,46.1,9.3,0.6,1.8,12.2,21.3,40207,27.1
CA17,California,CA,17,CA-17,25,Ro Khanna,D,No,"159,105","52,057",0,75.30,24.70,73.9,20.5,Pure urban,25,D+25,34.5,3.1,14.2,45.4,0.3,2.5,57,54.4,121150,15.7
CA18,California,CA,18,CA-18,23,Anna Eshoo,D,No,"225,142","77,096",0,74.50,25.50,73.4,20.2,Urban-suburban mix,23,D+23,65.2,2,11.7,18.3,0.2,2.6,61.5,65.1,125790,22.7
CA19,California,CA,19,CA-19,24,Zoe Lofgren,D,No,"162,496","57,823",0,73.80,26.20,72.9,21.5,Urban-suburban mix,24,D+24,34.2,3.4,30.9,28.7,0.3,2.5,35.5,48.8,93139,17.5
CA20,California,CA,20,CA-20,23,Jimmy Panetta,D,No,"183,677",0,"42,044",81.40,0.00,70.4,23.2,Urban-suburban mix,23,D+23,54.5,2.6,33.8,6,0.3,2.7,27.9,43.5,67419,30.7
CA21,California,CA,21,CA-21,5,T.J. Cox,D,Yes (to Democrats),"57,239","56,377",0,50.40,49.60,55.2,39.7,Rural-suburban mix,5,D+5,29.1,6.3,58.7,3.8,0.7,1.5,7.9,19.5,41174,23.3
CA22,California,CA,22,CA-22,-8,Devin Nunes,R,No,"105,136","117,243",0,47.30,52.70,42.6,52.1,Dense suburban,-8,R+8,51.7,3.2,35.6,7.1,0.5,1.8,24.1,31.6,56524,35.3
CA23,California,CA,23,CA-23,-14,Kevin McCarthy,R,No,"74,661","131,113",0,36.30,63.70,36.1,58.1,Dense suburban,-14,R+14,57.1,6.6,29.1,4.4,0.7,2.1,20.8,24.6,54437,42.9
CA24,California,CA,24,CA-24,7,Salud Carbajal,D,No,"166,550","117,881",0,58.60,41.40,56.7,36.5,Sparse suburban,7,D+7,68,2.2,22.7,4.5,0.4,2.2,34,44.8,68929,37.5
CA25,California,CA,25,CA-25,0,Katie Hill,D,Yes (to Democrats),"133,209","111,813",0,54.40,45.60,50.3,43.6,Dense suburban,0,EVEN,52.4,8.1,29,7.7,0.3,2.5,27.8,33.3,75367,34.9
CA26,California,CA,26,CA-26,7,Julia Brownley,D,No,"158,216","97,210",0,61.90,38.10,57.9,36,Dense suburban,7,D+7,57,2.1,32,6.6,0.3,2,34.1,46.3,76914,30.6
CA27,California,CA,27,CA-27,16,Judy Chu,D,No,"202,636",0,0,100.00,0.00,66,28.4,Urban-suburban mix,16,D+16,33.5,5.4,24.5,34.7,0.2,1.7,40.5,53.1,71223,15.6
CA28,California,CA,28,CA-28,23,Adam Schiff,D,No,"196,662","54,272",0,78.40,21.60,72.1,22.3,Pure urban,23,D+23,62.1,3.3,19.9,12.1,0.2,2.5,46.2,51.6,63940,29.9
CA29,California,CA,29,CA-29,29,Tony Cardenas,D,No,"124,697","29,995",0,80.60,19.40,77.7,16.8,Pure urban,29,D+29,28.3,5.4,55.3,9.4,0.3,1.2,19.2,34.5,50655,18.4
CA30,California,CA,30,CA-30,18,Brad Sherman,D,No,"191,573","69,420",0,73.40,26.60,69.1,25.7,Urban-suburban mix,18,D+18,59.7,5.2,21,11.5,0.2,2.4,42.4,49.3,76778,30.2
CA31,California,CA,31,CA-31,8,Pete Aguilar,D,No,"110,143","77,352",0,58.70,41.30,57.7,36.6,Dense suburban,8,D+8,35.2,12,43.3,7.2,0.3,2.1,22.7,33.7,58668,23.2
CA32,California,CA,32,CA-32,17,Grace Napolitano,D,No,"121,759","55,272",0,68.80,31.20,66.6,27.7,Urban-suburban mix,17,D+17,22.6,3.5,54.3,18.1,0.3,1.3,21.4,30.6,67101,15.6
CA33,California,CA,33,CA-33,16,Ted Lieu,D,No,"219,091","93,769",0,70.00,30.00,67.8,26.5,Urban-suburban mix,16,D+16,71.1,2.9,11,11.9,0.2,2.9,65.4,68.1,101956,22.6
CA34,California,CA,34,CA-34,35,Jimmy Gomez,D,No,"110,195",0,"41,711",72.50,0.00,83.6,10.7,Pure urban,35,D+35,17.9,7.1,51,22.2,0.3,1.5,25.4,59.4,40847,7.2
CA35,California,CA,35,CA-35,19,Norma Torres,D,No,"103,420","45,604",0,69.40,30.60,67.7,26.9,Urban-suburban mix,19,D+19,21.8,8.8,59.8,7.3,0.3,2,16.1,23.8,57159,16.5
CA36,California,CA,36,CA-36,2,Raul Ruiz,D,No,"122,169","84,839",0,59.00,41.00,52.2,43.4,Dense suburban,2,D+2,55.8,4.6,34.4,3.1,0.6,1.5,20.6,29.8,44567,39.1
CA37,California,CA,37,CA-37,37,Karen Bass,D,No,"210,555","25,823",0,89.10,10.90,85.7,9.6,Pure urban,37,D+37,32.3,29.5,25.7,10,0.2,2.4,36.9,66.6,55190,10.7
CA38,California,CA,38,CA-38,17,Linda Sanchez,D,No,"139,188","62,968",0,68.90,31.10,67,27.4,Pure urban,17,D+17,22.8,4.4,55.4,15.9,0.4,1.1,23.5,25.6,66421,16.8
CA39,California,CA,39,CA-39,0,Gil Cisneros,D,Yes (to Democrats),"126,002","118,391",0,51.60,48.40,51.5,42.9,Dense suburban,0,EVEN,39.6,2.5,27.2,28.5,0.2,2,41.6,43.7,85188,22.2
CA40,California,CA,40,CA-40,33,Lucille Roybal-Allard,D,No,"93,938",0,"27,511",77.30,0.00,82.2,12.8,Pure urban,33,D+33,8.7,7.9,79,3.7,0.2,0.5,9.8,24.6,42902,6.5
CA41,California,CA,41,CA-41,12,Mark Takano,D,No,"108,227","58,021",0,65.10,34.90,61,33.1,Dense suburban,12,D+12,33.6,11.2,46.6,6.1,0.4,2,18.3,28.2,62069,24
CA42,California,CA,42,CA-42,-9,Ken Calvert,R,No,"100,892","131,040",0,43.50,56.50,41.4,53.4,Sparse suburban,-9,R+9,52.2,5.9,30,9,0.4,2.5,25,27.4,76504,37.8
CA43,California,CA,43,CA-43,29,Maxine Waters,D,No,"152,272","43,780",0,77.70,22.30,78.4,16.7,Pure urban,29,D+29,20.6,28.7,33.9,13.8,0.2,2.8,26.5,46.2,54614,11
CA44,California,CA,44,CA-44,35,Nanette Barragan,D,No,"143,322",0,0,100.00,0.00,83,12.3,Pure urban,35,D+35,10.9,22.5,56.8,7.8,0.3,1.7,12.3,26.5,50890,8
CA45,California,CA,45,CA-45,-3,Katie Porter,D,Yes (to Democrats),"158,906","146,383",0,52.10,47.90,49.8,44.4,Urban-suburban mix,-3,R+3,60.9,1.9,14.2,20.4,0.2,2.5,56,56.5,97356,26.4
CA46,California,CA,46,CA-46,15,Lou Correa,D,No,"102,278","45,638",0,69.10,30.90,66.3,27.9,Pure urban,15,D+15,31.6,2.2,47.8,16.8,0.2,1.3,18.7,31,61304,21.7
CA47,California,CA,47,CA-47,13,Alan Lowenthal,D,No,"143,354","77,682",0,64.90,35.10,62.6,31,Pure urban,13,D+13,41.5,8.3,24.7,22.5,0.4,2.6,32,43.2,65450,23.5
CA48,California,CA,48,CA-48,-4,Harley Rouda,D,Yes (to Democrats),"157,837","136,899",0,53.60,46.40,47.9,46.2,Urban-suburban mix,-4,R+4,64.1,1.3,14.3,18,0.3,2.1,44.6,52.2,88903,30.6
CA49,California,CA,49,CA-49,-1,Mike Levin,D,Yes (to Democrats),"166,453","128,577",0,56.40,43.60,50.7,43.2,Dense suburban,-1,R+1,70.3,2.8,18.1,6.3,0.3,2.2,44,52,80877,33.7
CA50,California,CA,50,CA-50,-11,Duncan Hunter,R,No,"125,448","134,362",0,48.30,51.70,39.6,54.6,Dense suburban,-11,R+11,67.3,2.9,20.8,5.7,0.8,2.5,28.2,33.5,71692,44.7
CA51,California,CA,51,CA-51,22,Juan Vargas,D,No,"109,527","44,301",0,71.20,28.80,71.8,22.8,Urban-suburban mix,22,D+22,20.7,8.5,59.3,9.4,0.5,1.5,14.1,26.6,46639,15.2
CA52,California,CA,52,CA-52,6,Scott Peters,D,No,"188,992","107,015",0,63.80,36.20,58.1,35.6,Urban-suburban mix,6,D+6,66,3.2,11.9,15.9,0.3,2.7,57.4,61.2,90854,25.5
CA53,California,CA,53,CA-53,14,Susan Davis,D,No,"185,667","83,127",0,69.10,30.90,64.5,29.6,Urban-suburban mix,14,D+14,48.9,8.3,26.6,12.9,0.3,3,37.8,48.1,69314,25.3
CO1,Colorado,CO,1,CO-1,21,Diana DeGette,D,No,"272,886","85,207","11,622",73.80,23.00,69,23.2,Urban-suburban mix,21,D+21,68.9,8.2,18,2.5,0.6,1.9,47.6,60.5,62718,27.2
CO2,Colorado,CO,2,CO-2,9,Joe Neguse,D,No,"259,608","144,901","26,256",60.30,33.60,56.2,34.9,Sparse suburban,9,D+9,88.1,0.8,7.2,2.1,0.3,1.5,54.3,56.8,75659,38
CO3,Colorado,CO,3,CO-3,-6,Scott Tipton,R,No,"146,426","173,205","16,570",43.60,51.50,40,52,Pure rural,-6,R+6,77.6,0.8,18.3,0.7,1.4,1.2,29.2,34,50817,51.2
CO4,Colorado,CO,4,CO-4,-13,Ken Buck,R,No,"145,544","224,038",39,39.40,60.60,34.3,57.4,Rural-suburban mix,-13,R+13,80.1,1.3,15.5,1.3,0.6,1.3,34.9,39.4,67878,48.5
CO5,Colorado,CO,5,CO-5,-14,Doug Lamborn,R,No,"126,848","184,002","11,866",39.30,57.00,33.2,57.2,Dense suburban,-14,R+14,77.6,5.4,11.6,2.2,0.4,2.8,37,40.9,62372,45.8
CO6,Colorado,CO,6,CO-6,2,Jason Crow,D,Yes (to Democrats),"187,639","148,685","10,498",54.10,42.90,50.2,41.3,Dense suburban,2,D+2,72.3,8.5,12.3,4.4,0.4,2.1,41.8,49.4,76451,36.5
CO7,Colorado,CO,7,CO-7,6,Ed Perlmutter,D,No,"204,260","119,734","14,073",60.40,35.40,51.4,39.4,Dense suburban,6,D+6,74.3,1.4,19.7,2.7,0.5,1.4,32.5,39.2,66063,45.1
CT1,Connecticut,CT,1,CT-1,12,John Larson,D,No,"175,087","96,024","3,029",63.90,35.00,59.4,36.3,Sparse suburban,12,D+12,69.9,12.8,13.1,2.7,0.1,1.4,36.8,42.7,70215,39.9
CT2,Connecticut,CT,2,CT-2,3,Joe Courtney,D,No,"179,731","102,483","6,900",62.20,35.40,48.7,45.8,Rural-suburban mix,3,D+3,86.4,3.5,5.9,2.2,0.2,1.8,35.1,36.3,74784,55
CT3,Connecticut,CT,3,CT-3,9,Rosa DeLauro,D,No,"174,572","95,667",0,64.60,35.40,55.9,40.4,Sparse suburban,9,D+9,73,12.3,10.5,2.7,0.2,1.3,36.2,39.9,67774,43.7
CT4,Connecticut,CT,4,CT-4,7,Jim Himes,D,No,"168,726","106,921",4,61.20,38.80,59.6,36.6,Sparse suburban,7,D+7,71.4,11.5,12.5,3.6,0.1,0.8,48.8,60.7,94862,28
CT5,Connecticut,CT,5,CT-5,2,Jahana Hayes,D,No,"151,225","119,426",13,55.90,44.10,49.9,45.8,Sparse suburban,2,D+2,78.3,5.8,12.5,2.3,0.1,1,36.3,40,68904,46.8
DEAL,Delaware,DE,AL,DE-AL,6,Lisa Blunt Rochester,D,No,"227,353","125,384",0,64.50,35.50,53.4,41.9,Sparse suburban,6,D+6,70.5,20.6,5.1,2.2,0.3,1.3,31,33.8,61757,46.6
FL1,Florida,FL,1,FL-1,-22,Matt Gaetz,R,No,"106,199","216,189",0,32.90,67.10,28.2,67.5,Rural-suburban mix,-22,R+22,77.5,12.8,4.5,2.1,0.5,2.5,27.9,30.5,53006,53.8
FL2,Florida,FL,2,FL-2,-18,Neal Dunn,R,No,"96,233","199,335",0,32.60,67.40,30.6,66.2,Rural-suburban mix,-18,R+18,79.9,12.8,4.3,1.2,0.4,1.3,23.4,24.3,46062,60.5
FL3,Florida,FL,3,FL-3,-9,Ted Yoho,R,No,"129,880","176,616",0,42.40,57.60,40.2,56.2,Pure rural,-9,R+9,73.5,15,7.2,2.5,0.3,1.5,25.9,26.5,45970,54
FL4,Florida,FL,4,FL-4,-17,John Rutherford,R,No,"123,351","248,420","9,478",32.40,65.20,34.1,62.1,Sparse suburban,-17,R+17,80.2,8.8,6,3.2,0.2,1.6,39.2,39.8,68229,48.2
FL5,Florida,FL,5,FL-5,12,Al Lawson,D,No,"180,527","89,799",0,66.80,33.20,61.3,35.9,Sparse suburban,12,D+12,45.6,45.3,5.4,1.9,0.3,1.5,21.4,25,40932,34.1
FL6,Florida,FL,6,FL-6,-7,Michael Waltz,R,No,"145,758","187,891",0,43.70,56.30,39.9,56.9,Sparse suburban,-7,R+7,79.2,9.3,9,1.3,0.3,0.9,23.9,24.9,46882,59.4
FL7,Florida,FL,7,FL-7,0,Stephanie Murphy,D,No,"183,113","134,285",0,57.70,42.30,51.4,44.1,Sparse suburban,0,EVEN,65.7,9.6,19.9,3.3,0.1,1.4,37.8,44.3,57146,36.5
FL8,Florida,FL,8,FL-8,-11,Bill Posey,R,No,"142,415","218,112",0,39.50,60.50,37.7,58.4,Sparse suburban,-11,R+11,80.9,8.5,7.4,1.5,0.2,1.4,29,30.4,50752,56.2
FL9,Florida,FL,9,FL-9,5,Darren Soto,D,No,"172,172","124,565",0,58.00,42.00,54.8,41.9,Sparse suburban,5,D+5,51.4,11.3,33.2,2.6,0.2,1.2,24.6,28.8,49899,36.4
FL10,Florida,FL,10,FL-10,11,Val Demings,D,No,0,0,0,100.00,0.00,61.8,34.9,Sparse suburban,11,D+11,46.1,25.5,21.9,4.7,0.1,1.7,30.3,38.3,50151,28.2
FL11,Florida,FL,11,FL-11,-15,Dan Webster,R,No,"128,053","239,395",58,34.80,65.10,32.5,64.8,Rural-suburban mix,-15,R+15,84.4,6.2,7.3,0.9,0.3,0.9,20.6,21.2,43610,66.4
FL12,Florida,FL,12,FL-12,-8,Gus Bilirakis,R,No,"132,844","194,564","7,510",39.70,58.10,38.8,57.4,Sparse suburban,-8,R+8,84,3.9,9,1.9,0.3,0.9,26.9,26.7,49774,61.5
FL13,Florida,FL,13,FL-13,2,Charlie Crist,D,No,"182,717","134,254",0,57.60,42.40,49.6,46.4,Dense suburban,2,D+2,78.1,11.2,6.4,2.8,0.3,1.2,27.8,28.8,48519,55.5
FL14,Florida,FL,14,FL-14,7,Kathy Castor,D,No,0,0,0,100.00,0.00,57.2,39,Dense suburban,7,D+7,55.1,17,22.8,3.3,0.2,1.5,35.3,46.5,51410,29.4
FL15,Florida,FL,15,FL-15,-6,Ross Spano,R,No,"134,132","151,380",20,47.00,53.00,43.1,53.1,Sparse suburban,-6,R+6,67.3,13.2,15.4,2.5,0.2,1.4,25.8,27.3,53784,48.8
FL16,Florida,FL,16,FL-16,-7,Vern Buchanan,R,No,"164,463","197,483",0,45.40,54.60,43,53.7,Sparse suburban,-7,R+7,80.3,7.6,9.4,1.6,0.2,0.9,30.7,33.2,55447,53.5
FL17,Florida,FL,17,FL-17,-13,Greg Steube,R,No,"117,194","193,326",0,37.70,62.30,35,62.2,Rural-suburban mix,-13,R+13,82.4,6.8,8.8,1.1,0.2,0.8,21.3,23.2,45508,63.2
FL18,Florida,FL,18,FL-18,-5,Brian Mast,R,No,"156,454","185,905",0,45.70,54.30,44.1,53.3,Sparse suburban,-5,R+5,76.8,10.7,10,1.6,0.2,0.8,30.5,33.6,54913,50.9
FL19,Florida,FL,19,FL-19,-13,Francis Rooney,R,No,"128,106","211,465",36,37.70,62.30,37.5,59.6,Sparse suburban,-13,R+13,81.6,5.7,10.7,1.2,0.2,0.7,32.3,37.1,54812,51.3
FL20,Florida,FL,20,FL-20,31,Alcee Hastings,D,No,"202,659",0,165,100.00,0.00,80.2,18.1,Urban-suburban mix,31,D+31,25.6,51.2,19.4,2.5,0.1,1.3,19.7,27.2,43677,18.5
FL21,Florida,FL,21,FL-21,9,Lois Frankel,D,No,0,0,0,100.00,0.00,58.6,39.1,Dense suburban,9,D+9,70.5,11.6,14.7,2.1,0.1,0.9,34.3,40.5,55864,41.8
FL22,Florida,FL,22,FL-22,6,Ted Deutch,D,No,"184,634","113,049",0,62.00,38.00,56.8,41,Dense suburban,6,D+6,68.7,11.6,15.8,2.5,0.2,1.2,37.9,43.2,60159,38.9
FL23,Florida,FL,23,FL-23,11,Debbie Wasserman Schultz,D,No,"161,611","99,446","15,309",58.50,36.00,61.9,35.8,Urban-suburban mix,11,D+11,51.8,12.5,30.8,3.4,0.3,1.1,38.6,39.7,61513,31.1
FL24,Florida,FL,24,FL-24,34,Frederica Wilson,D,No,0,0,0,100.00,0.00,82.9,15.4,Urban-suburban mix,34,D+34,15.7,50.5,31.6,1.4,0.1,0.7,19.4,35.9,38441,9.9
FL25,Florida,FL,25,FL-25,-4,Mario Diaz-Balart,R,No,"84,173","128,672",0,39.50,60.50,47.9,49.7,Urban-suburban mix,-4,R+4,26.5,3.9,68,1,0.2,0.3,22.7,33.9,46247,17.5
FL26,Florida,FL,26,FL-26,6,Debbie Mucarsel-Powell,D,Yes (to Democrats),"119,797","115,678",0,50.90,49.10,56.8,40.5,Urban-suburban mix,6,D+6,22.4,11.7,63.5,1.6,0.1,0.6,27.2,32.8,54453,15
FL27,Florida,FL,27,FL-27,5,Donna Shalala,D,Yes (to Democrats),"130,743","115,588","6,255",51.80,45.80,58.5,38.9,Urban-suburban mix,5,D+5,27.8,5,64.6,1.9,0.1,0.6,37.5,63.8,51958,9.9
GA1,Georgia,GA,1,GA-1,-9,Buddy Carter,R,No,"105,942","144,741",0,42.30,57.70,40.9,56.4,Rural-suburban mix,-9,R+9,64,29.1,3.8,1.4,0.3,1.3,25,28.2,50931,45.9
GA2,Georgia,GA,2,GA-2,6,Sanford Bishop,D,No,"136,699","92,472",0,59.60,40.40,55,43.3,Rural-suburban mix,6,D+6,44.6,50.7,2.6,0.9,0.2,1.1,17.6,22.1,35617,34.7
GA3,Georgia,GA,3,GA-3,-18,Drew Ferguson,R,No,"101,010","191,996",0,34.50,65.50,32.8,64.3,Rural-suburban mix,-18,R+18,70.8,23.3,3.3,1.2,0.2,1.2,26.5,28.3,56240,50.7
GA4,Georgia,GA,4,GA-4,24,Hank Johnson,D,No,"227,717","61,092",0,78.80,21.20,75.3,22.2,Sparse suburban,24,D+24,30.9,60.7,3.8,3.2,0.1,1.3,29.8,38.1,51686,19
GA5,Georgia,GA,5,GA-5,34,John Lewis,D,No,"275,406",0,0,100.00,0.00,85,11.9,Dense suburban,34,D+34,32.8,59.2,3.3,2.9,0.3,1.5,42,70.5,48269,9.7
GA6,Georgia,GA,6,GA-6,-8,Lucy McBath,D,Yes (to Democrats),"160,139","156,875",18,50.50,49.50,46.8,48.3,Dense suburban,-8,R+8,72.4,14.3,4.9,6.8,0.3,1.4,60.6,66.7,87139,24
GA7,Georgia,GA,7,GA-7,-9,Rob Woodall,R,No,"140,010","140,443",0,49.90,50.10,44.8,51.1,Sparse suburban,-9,R+9,58.5,20.4,9.1,10.4,0.2,1.4,39.6,44.9,72481,32.1
GA8,Georgia,GA,8,GA-8,-15,Austin Scott,R,No,0,"198,152",564,0.00,99.70,34.4,63.3,Pure rural,-15,R+15,65,30,2.9,0.9,0.2,1,21.8,24.8,44360,48.7
GA9,Georgia,GA,9,GA-9,-31,Doug Collins,R,No,"57,912","224,661",5,20.50,79.50,19.3,77.8,Pure rural,-31,R+31,86.8,7,4.2,1,0.2,0.8,21.6,24,50154,65.9
GA10,Georgia,GA,10,GA-10,-15,Jody Hice,R,No,"112,339","190,396",0,37.10,62.90,35.8,61.3,Pure rural,-15,R+15,69.8,24.7,2.9,1.5,0.1,1,26.7,30.4,51532,48.5
GA11,Georgia,GA,11,GA-11,-17,Barry Loudermilk,R,No,"118,653","191,887",0,38.20,61.80,35.3,60.3,Sparse suburban,-17,R+17,75.3,16,5,2.3,0.2,1.2,41,44.1,69610,42
GA12,Georgia,GA,12,GA-12,-9,Rick Allen,R,No,"101,503","148,986",3,40.50,59.50,40.7,56.9,Pure rural,-9,R+9,59.8,34.3,3.3,1.2,0.2,1,20.9,23.6,43933,45.7
GA13,Georgia,GA,13,GA-13,20,David Scott,D,No,"223,157","69,760",93,76.20,23.80,71,26.6,Sparse suburban,20,D+20,33.4,58.1,4.8,2.2,0.1,1.4,29.6,26,57342,24.7
GA14,Georgia,GA,14,GA-14,-27,Tom Graves,R,No,"53,981","175,743",0,23.50,76.50,22.1,75,Rural-suburban mix,-27,R+27,85.1,8.7,4.4,0.7,0.2,0.9,18.1,18.5,48691,69.3
HI1,Hawaii,HI,1,HI-1,17,Ed Case,D,No,"134,650","42,498","7,063",73.10,23.10,63.1,30.5,Urban-suburban mix,17,D+17,19.1,2.2,7.2,56.2,0.1,15.1,36,48.9,78180,9.8
HI2,Hawaii,HI,2,HI-2,19,Tulsi Gabbard,D,No,"153,271","44,850",0,77.40,22.60,61.4,29.6,Rural-suburban mix,19,D+19,33.7,1.6,9.2,35.9,0.2,19.5,27.8,42.6,70867,19.3
IA1,Iowa,IA,1,IA-1,1,Abby Finkenauer,D,Yes (to Democrats),"170,342","153,442","10,459",51.00,45.90,45.2,48.7,Rural-suburban mix,1,D+1,93.3,2.8,1.9,0.9,0.3,0.9,27.1,27.1,57402,68
IA2,Iowa,IA,2,IA-2,1,Dave Loebsack,D,No,"171,446","133,287","8,180",54.80,42.60,45,49.1,Rural-suburban mix,1,D+1,91.2,3.1,3.3,1.1,0.2,1.1,28.5,28.7,52150,65
IA3,Iowa,IA,3,IA-3,-1,Cindy Axne,D,Yes (to Democrats),"175,642","167,933","12,666",49.30,47.10,45,48.5,Sparse suburban,-1,R+1,90.5,3.3,3.3,1.7,0.2,1,33.1,34.5,62323,59.3
IA4,Iowa,IA,4,IA-4,-11,Steve King,R,No,"147,246","157,676","8,329",47.00,50.30,33.5,60.9,Pure rural,-11,R+11,93.7,1.2,3,0.9,0.4,0.8,24.7,24.8,53335,70.5
ID1,Idaho,ID,1,ID-1,-21,Russ Fulcher,R,No,"96,922","197,719","20,428",30.80,62.80,25.4,63.7,Rural-suburban mix,-21,R+21,89.6,0.3,6.5,0.9,1.2,1.5,25.4,26.8,52199,65.5
ID2,Idaho,ID,2,ID-2,-17,Mike Simpson,R,No,"110,381","170,274",0,39.30,60.70,29.8,54.5,Rural-suburban mix,-17,R+17,88.1,0.6,7.6,1.1,1.1,1.4,30.1,32.5,51294,59.4
IL1,Illinois,IL,1,IL-1,27,Bobby Rush,D,No,"189,560","50,960","17,365",73.50,19.80,75.4,21.4,Urban-suburban mix,27,D+27,38,53,6.4,1.3,0.2,1.1,28.9,35.9,50523,24.3
IL2,Illinois,IL,2,IL-2,29,Robin Kelly,D,No,"190,684","44,567",0,81.10,18.90,78,19.1,Dense suburban,29,D+29,33,56.6,8.8,0.6,0.1,1,23.3,25,48417,24.7
IL3,Illinois,IL,3,IL-3,6,Dan Lipinski,D,No,"163,053","57,885","2,396",73.00,25.90,55.2,39.9,Urban-suburban mix,6,D+6,68.2,5.4,22.3,3.3,0,0.7,26.9,32.1,66270,46.3
IL4,Illinois,IL,4,IL-4,33,Chuy Garcia,D,No,"143,895","22,294",0,86.60,13.40,82.1,13.2,Pure urban,33,D+33,33.2,5.4,56.2,3.9,0.2,1.1,24.5,52.8,51383,15.6
IL5,Illinois,IL,5,IL-5,20,Mike Quigley,D,No,"213,992","65,134",5,76.70,23.30,70.5,23.9,Pure urban,20,D+20,74.5,2.9,15,6,0.1,1.5,54.7,60.2,80269,29.6
IL6,Illinois,IL,6,IL-6,-2,Sean Casten,D,Yes (to Democrats),"169,001","146,445",0,53.60,46.40,50.2,43.2,Sparse suburban,-2,R+2,84.1,2.4,6,6.7,0,0.8,52.2,53.4,97387,39.2
IL7,Illinois,IL,7,IL-7,38,Danny Davis,D,No,"215,746","30,497",0,87.60,12.40,87.4,9.2,Pure urban,38,D+38,32.5,51.5,9.5,5.2,0.1,1.2,40.7,73.7,54147,8.5
IL8,Illinois,IL,8,IL-8,8,Raja Krishnamoorthi,D,No,"130,054","67,073",0,66.00,34.00,58.1,36.4,Dense suburban,8,D+8,67.6,4.9,15.6,10.9,0.1,1,32.6,34.8,67745,43.9
IL9,Illinois,IL,9,IL-9,18,Jan Schakowsky,D,No,"213,368","76,983",0,73.50,26.50,70.1,24.9,Urban-suburban mix,18,D+18,72.1,8.6,7.4,10.3,0.1,1.5,53.2,58.2,67084,30.1
IL10,Illinois,IL,10,IL-10,10,Brad Schneider,D,No,"156,540","82,124",0,65.60,34.40,62,32.6,Sparse suburban,10,D+10,71.2,7.2,12.2,7.8,0.2,1.4,44.1,51.2,74971,34.7
IL11,Illinois,IL,11,IL-11,9,Bill Foster,D,No,"145,407","82,358",0,63.80,36.20,58.9,35.4,Dense suburban,9,D+9,64.4,11.9,16.1,6,0.1,1.5,36,42.5,72198,37
IL12,Illinois,IL,12,IL-12,-5,Mike Bost,R,No,"118,724","134,884","7,935",45.40,51.60,40.2,55,Rural-suburban mix,-5,R+5,79.8,15.8,2.2,0.8,0.2,1.1,24,25,47430,59.8
IL13,Illinois,IL,13,IL-13,-3,Rodney Davis,R,No,"134,458","136,516",7,49.60,50.40,44.2,49.7,Rural-suburban mix,-3,R+3,83.9,10.1,2.4,1.9,0.2,1.5,30.2,30.1,49758,58.6
IL14,Illinois,IL,14,IL-14,-5,Lauren Underwood,D,Yes (to Democrats),"156,035","141,164",0,52.50,47.50,44.8,48.7,Sparse suburban,-5,R+5,85.4,3.1,7.1,3.4,0.1,0.8,42.1,43.1,90345,48.6
IL15,Illinois,IL,15,IL-15,-21,John Shimkus,R,No,"74,309","181,294",5,29.10,70.90,24.5,70.7,Pure rural,-21,R+21,92.8,4.2,1.7,0.4,0.2,0.8,20.2,20.6,49927,73.6
IL16,Illinois,IL,16,IL-16,-8,Adam Kinzinger,R,No,"104,569","151,254",2,40.90,59.10,38.3,55.5,Rural-suburban mix,-8,R+8,89.1,3.5,5.2,1,0.1,0.9,22.2,22.5,57182,69
IL17,Illinois,IL,17,IL-17,3,Cheri Bustos,D,No,"142,659","87,090",0,62.10,37.90,46.7,47.4,Rural-suburban mix,3,D+3,82.6,10.1,5.2,0.8,0.2,1.1,18.7,20.5,45360,65.6
IL18,Illinois,IL,18,IL-18,-15,Darin LaHood,R,No,"95,486","195,927",0,32.80,67.20,33.3,60.6,Rural-suburban mix,-15,R+15,92.2,3.6,1.8,1.2,0.1,1,31.7,31,60857,63.6
IN1,Indiana,IN,1,IN-1,8,Peter Visclosky,D,No,"159,611","85,594",4,65.10,34.90,54.1,41.5,Sparse suburban,8,D+8,68.2,18.4,11.5,0.8,0.2,0.9,22.6,25.8,56370,50.5
IN2,Indiana,IN,2,IN-2,-11,Jackie Walorski,R,No,"103,363","125,499",27,45.20,54.80,36.1,59.3,Rural-suburban mix,-11,R+11,87.3,6.2,4.2,0.8,0.3,1.1,20.8,22.1,51292,67.9
IN3,Indiana,IN,3,IN-3,-18,Jim Banks,R,No,"86,610","158,927",0,35.30,64.70,30.1,65.1,Rural-suburban mix,-18,R+18,88.9,5.6,3,1.1,0.2,1.2,22.9,23.8,51453,67.7
IN4,Indiana,IN,4,IN-4,-17,Jim Baird,R,No,"87,824","156,539",0,35.90,64.10,30.2,64.3,Rural-suburban mix,-17,R+17,91.6,3.4,2.8,1.2,0.2,0.8,26,26.6,53996,67.1
IN5,Indiana,IN,5,IN-5,-9,Susan Brooks,R,No,"137,142","180,035",0,43.20,56.80,41.3,53.1,Sparse suburban,-9,R+9,86.4,8.1,2.3,2,0.1,1.1,45,45.9,67461,46.7
IN6,Indiana,IN,6,IN-6,-18,Greg Pence,R,No,"79,430","154,260","8,036",32.90,63.80,27.4,67.7,Pure rural,-18,R+18,94.6,2.3,1.4,0.5,0.2,1.1,20.7,20.2,51033,75.4
IN7,Indiana,IN,7,IN-7,11,Andre Carson,D,No,"141,139","76,457",233,64.80,35.10,59,36.2,Dense suburban,11,D+11,63.7,29.4,3.8,1.2,0.3,1.7,23.5,29.4,41429,44.9
IN8,Indiana,IN,8,IN-8,-15,Larry Bucshon,R,No,"86,895","157,396",0,35.60,64.40,30.9,64.6,Rural-suburban mix,-15,R+15,92.9,3.9,1.3,0.6,0.2,1,21.3,21.5,50261,72.9
IN9,Indiana,IN,9,IN-9,-13,Trey Hollingsworth,R,No,"118,090","153,271",0,43.50,56.50,34.2,61.1,Rural-suburban mix,-13,R+13,93.4,2.6,1.7,1,0.2,1.1,26.3,26.3,55078,68.8
KS1,Kansas,KS,1,KS-1,-24,Roger Marshall,R,No,"71,558","153,082",0,31.90,68.10,24.3,69.3,Pure rural,-24,R+24,86,3,8.1,1,0.5,1.4,23.9,26.1,48156,63.5
KS2,Kansas,KS,2,KS-2,-10,Steve Watkins,R,No,"123,859","126,098","14,731",46.80,47.60,37.4,55.8,Pure rural,-10,R+10,86.9,4.4,4.2,0.8,1.2,2.5,29.2,30.2,51778,60.6
KS3,Kansas,KS,3,KS-3,-4,Sharice Davids,D,Yes (to Democrats),"170,518","139,762","8,021",53.60,43.90,47.2,46,Dense suburban,-4,R+4,81.4,8.5,5.5,2.6,0.3,1.6,47.4,52.3,71562,38.8
KS4,Kansas,KS,4,KS-4,-15,Ron Estes,R,No,"98,445","144,248",0,40.60,59.40,33,60.2,Sparse suburban,-15,R+15,81.5,6.5,6.8,2.4,0.9,1.9,29.5,32,52054,55.4
KY1,Kentucky,KY,1,KY-1,-23,James Comer,R,No,"78,849","172,167",0,31.40,68.60,23.9,72.4,Pure rural,-23,R+23,90.1,6.9,1.5,0.4,0.2,0.9,15.7,16.1,40253,75.6
KY2,Kentucky,KY,2,KY-2,-19,Brett Guthrie,R,No,"79,964","171,700","5,681",31.10,66.70,27.6,67.5,Pure rural,-19,R+19,90.8,5.4,1.6,0.8,0.2,1.2,20.9,21.1,49960,71.6
KY3,Kentucky,KY,3,KY-3,6,John Yarmuth,D,No,"173,002","101,930","3,788",62.10,36.60,54.9,39.9,Dense suburban,6,D+6,74.6,20,2.3,1.4,0.1,1.5,30.9,34.6,51070,48.8
KY4,Kentucky,KY,4,KY-4,-18,Thomas Massie,R,No,"90,536","162,946","8,330",34.60,62.20,29.3,65.2,Rural-suburban mix,-18,R+18,93.4,3.3,1.5,0.6,0.1,1,28.3,28.3,60912,67
KY5,Kentucky,KY,5,KY-5,-31,Hal Rogers,R,No,"45,890","172,093",34,21.00,78.90,17.5,79.6,Pure rural,-31,R+31,96.7,1.5,0.7,0.2,0.2,0.6,12.4,12.5,30585,84.6
KY6,Kentucky,KY,6,KY-6,-9,Andy Barr,R,No,"144,736","154,468","3,684",47.80,51.00,39.4,54.7,Rural-suburban mix,-9,R+9,87.6,8.5,1.6,0.9,0.2,1.3,31.7,33.1,50659,58.6
LA1,Louisiana,LA,1,LA-1,-24,Steve Scalise,R,No,"71,521","192,555","5,249",26.60,71.50,26.7,68.7,Rural-suburban mix,-24,R+24,78.1,12.6,5.4,1.6,1.1,1.2,30.3,33.4,56938,51.9
LA2,Louisiana,LA,2,LA-2,25,Cedric Richmond,D,No,"190,182",0,"45,800",80.60,0.00,74.6,22.2,Dense suburban,25,D+25,31.7,61.5,3.7,2,0.2,1,23.4,36.4,36798,20.1
LA3,Louisiana,LA,3,LA-3,-20,Clay Higgins,R,No,"74,713","168,263","2,967",30.40,68.40,29.2,67.3,Rural-suburban mix,-20,R+20,72.1,23.6,2,0.9,0.4,1.1,21,24,44668,54.7
LA4,Louisiana,LA,4,LA-4,-13,Mike Johnson,R,No,"72,934","139,326","4,612",33.60,64.20,36.6,60.6,Pure rural,-13,R+13,61.9,33.1,2.4,0.8,0.8,1,19.9,22.9,39748,47.7
LA5,Louisiana,LA,5,LA-5,-15,Ralph Abraham,R,No,"67,118","149,018","7,810",30.00,66.50,34.1,63.5,Pure rural,-15,R+15,63.1,34,1.3,0.4,0.4,0.7,16.8,19.7,36718,50.7
LA6,Louisiana,LA,6,LA-6,-19,Garret Graves,R,No,"76,716","186,553","5,256",28.60,69.50,31,64.8,Rural-suburban mix,-19,R+19,72,22.6,2.5,1.5,0.4,1.1,27.9,30.8,59270,49.8
MA1,Massachusetts,MA,1,MA-1,12,Richard Neal,D,No,"211,790",0,"5,110",97.60,0.00,57.2,36.5,Sparse suburban,12,D+12,79,5,13.5,1.3,0.1,1,29.7,33.4,55716,52.5
MA2,Massachusetts,MA,2,MA-2,9,Jim McGovern,D,No,"191,332","93,391",170,67.20,32.80,56.2,36.8,Rural-suburban mix,9,D+9,85.2,3.3,7,3.3,0.2,1.1,38.4,39.4,64868,51.5
MA3,Massachusetts,MA,3,MA-3,9,Lori Trahan,D,No,"173,175","93,445","12,707",62.00,33.50,58.2,35.4,Sparse suburban,9,D+9,77.6,2.3,13.3,5.7,0.1,1,37.4,41.4,77995,45.3
MA4,Massachusetts,MA,4,MA-4,9,Joe Kennedy,D,No,"245,289",0,"5,727",97.70,0.00,59.2,35,Sparse suburban,9,D+9,89.2,2.5,3.3,3.9,0,1.1,51,50.3,98530,44.2
MA5,Massachusetts,MA,5,MA-5,18,Katherine Clark,D,No,"236,243","74,856",225,75.90,24.00,69.3,25.7,Urban-suburban mix,18,D+18,82,3.7,5.8,7,0.1,1.4,57.4,59.6,92268,33
MA6,Massachusetts,MA,6,MA-6,6,Seth Moulton,D,No,"217,703","104,798","11,474",65.20,31.40,56.1,38.2,Sparse suburban,6,D+6,89,2.3,5,2.8,0.1,0.9,44,46.2,84913,47.8
MA7,Massachusetts,MA,7,MA-7,34,Ayanna Pressley,D,No,"216,559",0,"3,852",98.30,0.00,84.1,11.9,Pure urban,34,D+34,53.1,23,14,7.7,0.2,2,42.9,64.5,60873,18.7
MA8,Massachusetts,MA,8,MA-8,10,Stephen Lynch,D,No,"259,159",0,"4,148",98.40,0.00,60.4,34.4,Dense suburban,10,D+10,81.4,7.6,4.2,5.5,0.1,1.2,46.8,50.3,82333,40.2
MA9,Massachusetts,MA,9,MA-9,4,Bill Keating,D,No,"192,347","131,463",118,59.40,40.60,52.5,41.8,Sparse suburban,4,D+4,91.9,2.3,3.3,1,0.2,1.3,35.9,37.5,68173,56.7
MD1,Maryland,MD,1,MD-1,-14,Andy Harris,R,No,"116,631","183,662","5,893",38.10,60.00,33.4,62,Rural-suburban mix,-14,R+14,84,11.2,1.9,1.5,0.2,1.1,30.6,32.2,69254,56.9
MD2,Maryland,MD,2,MD-2,11,Dutch Ruppersberger,D,No,"167,201","77,782","8,319",66.00,30.70,60.1,35.7,Dense suburban,11,D+11,59.1,31.9,3.3,3.7,0.3,1.7,33.4,33.4,69128,39.3
MD3,Maryland,MD,3,MD-3,13,John Sarbanes,D,No,"202,407","82,774","7,699",69.10,28.30,62.8,32.3,Dense suburban,13,D+13,67.6,20.3,4.5,5.5,0.2,1.9,47.2,51.7,83620,32.6
MD4,Maryland,MD,4,MD-4,28,Anthony Brown,D,No,"209,642","53,327","5,614",78.10,19.90,77.2,19.7,Dense suburban,28,D+28,31.7,58.1,5.6,2.7,0.2,1.7,34,50.2,79350,15.8
MD5,Maryland,MD,5,MD-5,16,Steny Hoyer,D,No,"213,796","82,361","8,052",70.30,27.10,64.1,32.1,Sparse suburban,16,D+16,51.6,38.5,4.1,3.2,0.3,2.3,33.7,34.5,95442,33.7
MD6,Maryland,MD,6,MD-6,6,David Trone,D,No,"163,346","105,209","8,529",59.00,38.00,55.3,40.2,Sparse suburban,6,D+6,70.1,12.4,7,8.7,0.2,1.8,41.5,40.8,75774,41.4
MD7,Maryland,MD,7,MD-7,26,Elijah Cummings,D,No,"202,345","56,266","6,099",76.40,21.30,75.8,20.2,Urban-suburban mix,26,D+26,36.9,54.5,2.3,4.6,0.3,1.5,37.8,58.7,61392,15.2
MD8,Maryland,MD,8,MD-8,14,Jamie Raskin,D,No,"217,679","96,525","5,126",68.20,30.20,65,30.6,Dense suburban,14,D+14,70.9,11,8,8.2,0.2,1.8,55.6,61.6,98991,27.2
ME1,Maine,ME,1,ME-1,8,Chellie Pingree,D,No,"201,195","111,188","29,670",58.80,32.50,54.1,39.3,Rural-suburban mix,8,D+8,95.4,0.9,1.2,1,0.3,1.2,36.9,37.3,61173,59.8
ME2,Maine,ME,2,ME-2,-2,Jared Golden,D,Yes (to Democrats),"142,440","138,931",0,50.60,49.40,41.1,51.4,Pure rural,-2,R+2,96,0.4,1,0.4,0.8,1.4,23,23.1,46638,73.8
MI1,Michigan,MI,1,MI-1,-9,Jack Bergman,R,No,"145,246","187,251",0,43.70,56.30,36.6,57.9,Pure rural,-9,R+9,92.9,1.8,1.2,0.4,2.1,1.6,24.6,25.2,46927,69.5
MI2,Michigan,MI,2,MI-2,-9,Bill Huizenga,R,No,"131,254","168,970","5,239",43.00,55.30,38.2,55.8,Rural-suburban mix,-9,R+9,85.5,5.8,5.3,1.5,0.4,1.6,23.8,25.7,52919,63.4
MI3,Michigan,MI,3,MI-3,-6,Justin Amash,R,No,"134,185","169,107","7,448",43.20,54.40,42.2,51.6,Rural-suburban mix,-6,R+6,85.5,7.9,3.7,1,0.4,1.5,31.4,33.6,57926,56.7
MI4,Michigan,MI,4,MI-4,-10,John Moolenaar,R,No,"106,540","178,510",0,37.40,62.60,34.7,59.5,Pure rural,-10,R+10,93.5,1.9,2.3,0.5,0.6,1.2,21.9,21.7,48434,73.2
MI5,Michigan,MI,5,MI-5,5,Daniel Kildee,D,No,"164,502","99,265","12,646",59.50,35.90,49.7,45.5,Sparse suburban,5,D+5,77.4,16.3,3.8,0.6,0.3,1.6,19,20.4,42800,61.6
MI6,Michigan,MI,6,MI-6,-4,Fred Upton,R,No,"134,082","147,436","11,920",45.70,50.20,42.9,51.3,Rural-suburban mix,-4,R+4,86,7.5,3.4,1,0.3,1.8,28,29.2,51477,60.8
MI7,Michigan,MI,7,MI-7,-7,Tim Walberg,R,No,"136,330","158,730",0,46.20,53.80,38.7,55.7,Pure rural,-7,R+7,90.7,4.1,3.1,0.6,0.4,1.1,24.6,24.8,56427,68.1
MI8,Michigan,MI,8,MI-8,-4,Elissa Slotkin,D,Yes (to Democrats),"172,880","159,782","8,931",50.60,46.80,43.9,50.6,Sparse suburban,-4,R+4,87.2,5.2,3.6,2.1,0.2,1.6,40.6,40,66495,52.3
MI9,Michigan,MI,9,MI-9,4,Andy Levin,D,No,"181,734","112,123","10,706",59.70,36.80,51.5,43.7,Dense suburban,4,D+4,82.1,11.5,1.8,2.8,0.3,1.5,30.3,30.4,56582,57.1
MI10,Michigan,MI,10,MI-10,-13,Paul Mitchell,R,No,"106,061","182,808","14,195",35.00,60.30,31.6,63.8,Rural-suburban mix,-13,R+13,92.5,2.9,2.1,1.2,0.2,1.1,23,22.9,60934,71.3
MI11,Michigan,MI,11,MI-11,-4,Haley Stevens,D,Yes (to Democrats),"181,912","158,463","10,526",51.80,45.20,45.3,49.7,Sparse suburban,-4,R+4,85.6,5.4,2.2,5.3,0.2,1.3,46.6,44.3,79805,47.6
MI12,Michigan,MI,12,MI-12,14,Debbie Dingell,D,No,"200,588","85,115","8,925",68.10,28.90,60.8,34.5,Dense suburban,14,D+14,80,10.3,4.3,3.1,0.3,2.1,34,34,55506,52.7
MI13,Michigan,MI,13,MI-13,32,Rashida Tlaib,D,No,"165,355",0,"30,944",84.20,0.00,78.8,18.1,Dense suburban,32,D+32,37.3,56.6,3.5,0.7,0.4,1.4,14.7,16.9,33995,30.8
MI14,Michigan,MI,14,MI-14,30,Brenda Lawrence,D,No,"214,334","45,899","4,761",80.90,17.30,79.2,18.3,Dense suburban,30,D+30,33.5,58.8,2.9,2.6,0.3,2,30.8,48.5,42695,17.2
MN1,Minnesota,MN,1,MN-1,-5,Jim Hagedorn,R,Yes (to Republicans),"144,885","146,200",576,49.70,50.10,38.4,53.3,Rural-suburban mix,-5,R+5,92.8,1.9,2.7,1.6,0.2,0.8,28,29,60424,65.8
MN2,Minnesota,MN,2,MN-2,-2,Angie Craig,D,Yes (to Democrats),"177,958","159,344",666,52.70,47.10,45.3,46.5,Sparse suburban,-2,R+2,88.7,3.3,2.8,3.5,0.4,1.3,38.5,40,80128,53.2
MN3,Minnesota,MN,3,MN-3,1,Dean Phillips,D,Yes (to Democrats),"202,404","160,839",706,55.60,44.20,50.8,41.4,Sparse suburban,1,D+1,86.8,4.9,1.9,4.8,0.2,1.3,49,51.1,84689,42.4
MN4,Minnesota,MN,4,MN-4,14,Betty McCollum,D,No,"216,865","97,747","14,003",66.00,29.70,61.5,30.6,Dense suburban,14,D+14,78.6,7.6,3.7,7.6,0.5,2,42.2,47.9,66175,40.9
MN5,Minnesota,MN,5,MN-5,26,Ilhan Omar,D,No,"267,703","74,440","1,215",78.00,21.70,73.7,18.5,Urban-suburban mix,26,D+26,75.5,13.3,3.3,4.1,1,2.7,44.5,53.1,59115,35.4
MN6,Minnesota,MN,6,MN-6,-12,Tom Emmer,R,No,"122,332","192,931",463,38.70,61.10,33.2,58.9,Rural-suburban mix,-12,R+12,93.6,1.6,1.5,1.8,0.4,1.1,29.5,29.7,77049,65.8
MN7,Minnesota,MN,7,MN-7,-12,Collin Peterson,D,No,"146,672","134,668",169,52.10,47.80,31,61.8,Pure rural,-12,R+12,93.4,0.6,2.2,0.5,2.3,1,21.8,22.5,52620,72.4
MN8,Minnesota,MN,8,MN-8,-4,Pete Stauber,R,Yes (to Republicans),"141,950","159,364","12,897",45.20,50.70,38.6,54.2,Pure rural,-4,R+4,94,0.9,1.1,0.5,2.2,1.3,23,23.5,53676,71.9
MO1,Missouri,MO,1,MO-1,29,Lacy Clay,D,No,"219,781","45,867","8,727",80.10,16.70,77,18.8,Dense suburban,29,D+29,46.8,47.8,1.8,1.7,0.2,1.8,31.8,43.4,45172,26.4
MO2,Missouri,MO,2,MO-2,-8,Ann Wagner,R,No,"177,611","192,477","5,978",47.20,51.20,42.3,52.6,Dense suburban,-8,R+8,91.1,3.6,1.6,2.6,0.1,0.9,49.2,49,79724,46.4
MO3,Missouri,MO,3,MO-3,-18,Blaine Luetkemeyer,R,No,"106,589","211,243","6,776",32.80,65.10,28.1,67.1,Rural-suburban mix,-18,R+18,93.5,3.1,1.5,0.6,0.3,1.1,26.4,26.3,61929,68.9
MO4,Missouri,MO,4,MO-4,-17,Vicky Hartzler,R,No,"95,968","190,138","7,210",32.70,64.80,29.3,65.3,Pure rural,-17,R+17,90,4.6,2.4,0.8,0.4,1.8,23.9,23.8,48065,68.5
MO5,Missouri,MO,5,MO-5,7,Emanuel Cleaver,D,No,"175,019","101,069","7,697",61.70,35.60,54.1,40.6,Dense suburban,7,D+7,70.7,21,4.9,1.4,0.4,1.6,28.2,32.5,48693,47.6
MO6,Missouri,MO,6,MO-6,-16,Sam Graves,R,No,"97,660","199,796","7,953",32.00,65.40,31.7,63.1,Rural-suburban mix,-16,R+16,91,3.8,2.7,0.9,0.3,1.3,28.6,29,58532,64.5
MO7,Missouri,MO,7,MO-7,-23,Billy Long,R,No,"89,190","196,343","10,922",30.10,66.20,24.7,70.4,Rural-suburban mix,-23,R+23,92.5,1.7,2.4,0.9,0.9,1.7,23.2,23.8,44619,70.5
MO8,Missouri,MO,8,MO-8,-24,Jason Smith,R,No,"66,151","194,042","4,206",25.00,73.40,21,75.4,Pure rural,-24,R+24,92.6,4.3,1.2,0.2,0.5,1.2,15,15.3,40639,78.4
MS1,Mississippi,MS,1,MS-1,-16,Trent Kelly,R,No,"76,601","158,245","1,675",32.40,66.90,32.4,65.4,Pure rural,-16,R+16,70.9,26.5,1.5,0.5,0.1,0.5,20.7,22.7,43194,54.8
MS2,Mississippi,MS,2,MS-2,14,Bennie Thompson,D,No,"158,921",0,"62,458",71.80,0.00,63.6,35.1,Pure rural,14,D+14,34.2,63.5,1.2,0.4,0.3,0.4,19.3,25,34392,25.7
MS3,Mississippi,MS,3,MS-3,-13,Michael Guest,R,No,"94,461","160,284","2,526",36.70,62.30,36.8,61.3,Pure rural,-13,R+13,63,34,1.1,0.6,0.8,0.5,25.9,31.5,45115,43.1
MS4,Mississippi,MS,4,MS-4,-21,St0 Palazzo,R,No,"68,787","152,633","2,312",30.70,68.20,28.2,69.4,Rural-suburban mix,-21,R+21,73,22.3,2.3,1.1,0.3,1,21.1,23.5,45192,55.8
MTAL,Montana,MT,AL,MT-AL,-11,Greg Gianforte,R,No,"233,284","256,661","14,476",46.20,50.90,35.9,56.5,Pure rural,-11,R+11,89.5,0.4,2.6,0.6,5.4,1.7,31,31.9,50027,60.9
NC1,North Carolina,NC,1,NC-1,17,G.K. Butterfield,D,No,"190,457","82,218",0,69.80,30.20,67.5,30.5,Rural-suburban mix,17,D+17,47.8,46.1,2.6,1.3,0.7,1.4,27.7,37.7,40895,29.7
NC2,North Carolina,NC,2,NC-2,-7,George Holding,R,No,"151,977","170,072","9,655",45.80,51.30,43.6,53.2,Rural-suburban mix,-7,R+7,72.2,20.5,4.1,1.4,0.5,1.3,36.2,40.5,65792,42.9
NC3,North Carolina,NC,3,NC-3,-12,Walter Jones,R,No,0,"187,901",0,0.00,100.00,36.9,60.5,Pure rural,-12,R+12,72.2,20.6,4.3,1,0.4,1.6,22.8,25.9,47565,53.4
NC4,North Carolina,NC,4,NC-4,17,David Price,D,No,"247,067","82,052","12,284",72.40,24.00,68.2,28.2,Sparse suburban,17,D+17,66,23.3,3.9,4.9,0.4,1.6,54.5,63.9,70587,23.8
NC5,North Carolina,NC,5,NC-5,-10,Virginia Foxx,R,No,"120,468","159,917",0,43.00,57.00,39.8,57.4,Rural-suburban mix,-10,R+10,80.3,14.4,3.1,0.9,0.3,0.9,26.3,27.7,45001,58
NC6,North Carolina,NC,6,NC-6,-9,Mark Walker,R,No,"123,651","160,709",0,43.50,56.50,41.4,56.1,Rural-suburban mix,-9,R+9,73.8,20.6,3.1,1,0.4,1.1,24.6,28.3,47335,52.8
NC7,North Carolina,NC,7,NC-7,-9,David Rouzer,R,No,"120,838","156,809","4,665",42.80,55.50,39.9,57.6,Pure rural,-9,R+9,74.7,20,2.8,0.6,0.7,1.2,24.9,29.7,45002,52.4
NC8,North Carolina,NC,8,NC-8,-8,Richard Hudson,R,No,"114,119","141,402",0,44.70,55.30,41.1,56.1,Pure rural,-8,R+8,67.6,22.6,5.4,1.5,1,1.8,26.5,29.5,50570,47.6
NC9,North Carolina,NC,9,NC-9,-8,Undecided,R,No,"138,341","139,246","5,130",48.90,49.30,42.8,54.4,Sparse suburban,-8,R+8,65.7,20,3.1,1.7,8.3,1.3,33.8,41.5,55913,38.4
NC10,North Carolina,NC,10,NC-10,-12,Patrick McHenry,R,No,"113,259","164,969",0,40.70,59.30,36.4,61,Rural-suburban mix,-12,R+12,83.5,11.7,2.4,1.1,0.3,0.9,24.6,26.5,46508,61.3
NC11,North Carolina,NC,11,NC-11,-14,Mark Meadows,R,No,"116,508","178,012","6,146",38.70,59.20,34,63.2,Pure rural,-14,R+14,91.6,3.1,2,0.9,1.3,1,24,25.2,43855,68.5
NC12,North Carolina,NC,12,NC-12,18,Alma Adams,D,No,"203,974","75,164",0,73.10,26.90,68.4,28.4,Sparse suburban,18,D+18,49.7,39.4,5.6,3.1,0.3,2,39.8,52.3,59268,23.7
NC13,North Carolina,NC,13,NC-13,-6,Ted Budd,R,No,"130,402","147,570","8,344",45.50,51.50,44,53.4,Rural-suburban mix,-6,R+6,72.1,21.9,2.7,1.9,0.4,1.1,27,29.6,47440,50.7
NDAL,North Dakota,ND,AL,ND-AL,-16,Kelly Armstrong,R,No,"114,377","193,568","13,587",35.60,60.20,27.7,64.1,Rural-suburban mix,-16,R+16,90.1,1.4,2.2,0.6,4.3,1.4,29.6,31,60656,62.1
NE1,Nebraska,NE,1,NE-1,-11,Jeff Fortenberry,R,No,"93,069","141,712",0,39.60,60.40,36.2,57.5,Rural-suburban mix,-11,R+11,89.7,2.5,4.2,1.5,0.9,1.2,32.5,33.9,58537,59.3
NE2,Nebraska,NE,2,NE-2,-4,Don Bacon,R,No,"121,770","126,715",0,49.00,51.00,46,48.2,Dense suburban,-4,R+4,82.4,9.1,5.1,1.5,0.4,1.4,39.2,43.7,62621,46.4
NE3,Nebraska,NE,3,NE-3,-27,Adrian Smith,R,No,"49,654","163,650",0,23.30,76.70,20,74.9,Pure rural,-27,R+27,91.2,0.8,6,0.5,0.6,0.9,22.2,23.9,50985,69.4
NH1,New Hampshire,NH,1,NH-1,-2,Chris Pappas,D,No,"155,891","131,015","4,160",53.60,45.00,46.6,48.2,Rural-suburban mix,-2,R+2,94.4,0.9,2.2,1.3,0.1,1.1,37.2,37.4,71277,59
NH2,New Hampshire,NH,2,NH-2,2,Annie Kuster,D,No,"154,378","118,670","6,357",55.30,42.50,48.6,46.2,Pure rural,2,D+2,94.4,0.9,2.2,1.3,0.2,1.1,35.9,35.6,70524,60.7
NJ1,New Jersey,NJ,1,NJ-1,13,Donald Norcross,D,No,"169,628","87,617","6,173",64.40,33.30,60.6,36.1,Dense suburban,13,D+13,69.6,16.3,9.1,3.8,0.1,1.2,30.4,33.4,68208,46.3
NJ2,New Jersey,NJ,2,NJ-2,-1,Jeff Van Drew,D,Yes (to Democrats),"136,685","116,866","4,812",52.90,45.20,46,50.6,Rural-suburban mix,-1,R+1,73.4,12.1,9.9,3,0.2,1.3,25.8,30.3,60756,51.1
NJ3,New Jersey,NJ,3,NJ-3,-2,Andy Kim,D,Yes (to Democrats),"153,473","149,500","3,902",50.00,48.70,45.2,51.4,Sparse suburban,-2,R+2,80.2,9.9,5.4,2.8,0.1,1.6,33.9,34.2,74537,52.7
NJ4,New Jersey,NJ,4,NJ-4,-8,Chris Smith,R,No,"126,766","163,065","4,517",43.10,55.40,41,55.8,Sparse suburban,-8,R+8,83.6,6.2,5.9,3.4,0,0.9,39.6,42.1,78511,48.4
NJ5,New Jersey,NJ,5,NJ-5,-3,Josh Gottheimer,D,No,"169,546","128,255","4,022",56.20,42.50,47.7,48.8,Dense suburban,-3,R+3,76.7,4.7,10.2,7.5,0.1,0.7,47.7,48.1,100219,39.7
NJ6,New Jersey,NJ,6,NJ-6,9,Frank Pallone,D,No,"140,752","80,443",0,63.60,36.40,56.2,40.6,Dense suburban,9,D+9,60.1,10.4,14.4,14,0.1,0.9,38.9,37.3,79229,37.6
NJ7,New Jersey,NJ,7,NJ-7,-3,Tom Malinowski,D,Yes (to Democrats),"166,985","150,785","4,972",51.70,46.70,48.6,47.5,Sparse suburban,-3,R+3,79.2,4.7,8.1,7.2,0,0.8,51.3,53.1,106896,37.1
NJ8,New Jersey,NJ,8,NJ-8,27,Albio Sires,D,No,"119,881","28,725","4,849",78.10,18.70,75.7,21.5,Pure urban,27,D+27,35,10.6,46.5,6.5,0.2,1.1,33.1,50.9,57391,16.9
NJ9,New Jersey,NJ,9,NJ-9,16,Bill Pascrell,D,No,"140,832","57,854","1,730",70.30,28.90,64.3,33.1,Pure urban,16,D+16,48.2,11,29.3,10.4,0.2,1,33.6,41,64964,28.3
NJ10,New Jersey,NJ,10,NJ-10,36,Donald Payne Jr.,D,No,"175,253","20,191","4,715",87.60,10.10,85.2,12.8,Pure urban,36,D+36,23.8,54.3,15,5.5,0.1,1.2,28.3,48.5,50100,12.1
NJ11,New Jersey,NJ,11,NJ-11,-3,Mikie Sherrill,D,Yes (to Democrats),"183,684","136,322","3,568",56.80,42.10,47.9,48.8,Sparse suburban,-3,R+3,80.1,3.6,7.8,7.5,0.1,0.9,54.4,55,108260,36
NJ12,New Jersey,NJ,12,NJ-12,16,Bonnie Watson Coleman,D,No,"173,334","79,041",0,68.70,31.30,65,31.8,Dense suburban,16,D+16,58.3,18.4,10.3,11.9,0.1,1,45.5,49.1,85744,29.6
NM1,New Mexico,NM,1,NM-1,7,Deb Haaland,D,No,"147,336","90,507","11,319",59.10,36.30,51.6,35.1,Dense suburban,7,D+7,48.3,2.5,41.9,1.9,3.9,1.5,32.9,46.6,49570,25.6
NM2,New Mexico,NM,2,NM-2,-6,Xochitl Torres Small,D,Yes (to Democrats),"101,489","97,767",0,50.90,49.10,39.9,50.1,Rural-suburban mix,-6,R+6,46.1,1.8,45.2,0.6,5.3,1,21,30.5,41797,31.9
NM3,New Mexico,NM,3,NM-3,8,Ben R. Lujan,D,No,"155,201","76,427","13,265",63.40,31.20,51.8,36.7,Pure rural,8,D+8,43.7,1.4,35.9,0.9,16.9,1.2,27.2,42.7,49210,24.9
NV1,Nevada,NV,1,NV-1,15,Dina Titus,D,No,"100,707","46,978","4,516",66.20,30.90,61.6,32.6,Urban-suburban mix,15,D+15,48,12.5,27.3,9.1,0.5,2.5,15.2,19.6,38000,38.5
NV2,Nevada,NV,2,NV-2,-7,Mark Amodei,R,No,"120,102","167,435",0,41.80,58.20,39.7,52,Rural-suburban mix,-7,R+7,77.3,1.9,13,3.8,2.1,1.9,25.5,28.9,58214,54.9
NV3,Nevada,NV,3,NV-3,-2,Susie Lee,D,No,"148,501","122,566","15,101",51.90,42.80,46.5,47.5,Urban-suburban mix,-2,R+2,64.3,6.7,13.1,12.4,0.4,3,31.5,32.9,68396,43.1
NV4,Nevada,NV,4,NV-4,3,Stu Horsford,D,No,"121,962","102,748","10,158",51.90,43.70,49.5,44.6,Urban-suburban mix,3,D+3,56.9,15.3,18.1,5.9,0.9,2.9,20.4,24.6,55712,42.8
NY1,New York,NY,1,NY-1,-5,Lee Zeldin,R,No,"127,991","139,027","2,988",47.40,51.50,42.2,54.5,Sparse suburban,-5,R+5,82.9,4.5,8.8,2.8,0.2,0.8,34.1,36.2,90435,52.8
NY2,New York,NY,2,NY-2,-3,Peter King,R,No,"113,074","128,058",0,46.90,53.10,43.9,53,Dense suburban,-3,R+3,72.5,9.2,14.6,2.6,0.1,1,31.2,35.4,93362,46.7
NY3,New York,NY,3,NY-3,1,Tom Suozzi,D,No,"157,456","109,514",0,59.00,41.00,51.6,45.5,Dense suburban,1,D+1,76.8,2.9,7.3,12.1,0.1,0.8,51.6,53.3,111504,35.8
NY4,New York,NY,4,NY-4,4,Kathleen Rice,D,No,"159,535","100,571",0,61.30,38.70,53.4,43.8,Urban-suburban mix,4,D+4,66.6,14.4,12.4,5.6,0.1,0.9,42.5,48.9,100178,33.9
NY5,New York,NY,5,NY-5,37,Gregory Meeks,D,No,"160,500",0,0,100.00,0.00,85.7,12.7,Pure urban,37,D+37,14.3,53.2,16.3,13.9,0.4,1.8,25.5,36.9,66529,8.4
NY6,New York,NY,6,NY-6,16,Grace Meng,D,No,"111,646",0,"11,209",90.90,0.00,65.1,32.1,Pure urban,16,D+16,44.5,4.4,17.9,31.7,0.2,1.4,35.9,43.1,61956,25.2
NY7,New York,NY,7,NY-7,38,Nydia Velazquez,D,No,"146,687",0,"10,410",93.40,0.00,86.9,10.4,Pure urban,38,D+38,35.4,9.9,37.2,16.1,0.2,1.3,33.7,62.4,55207,13.2
NY8,New York,NY,8,NY-8,36,Hakeem Jeffries,D,No,"180,376",0,"11,028",94.20,0.00,84.6,13.5,Pure urban,36,D+36,26.9,52.5,15,4.3,0.2,1.2,33.7,54.9,51634,12.1
NY9,New York,NY,9,NY-9,34,Yvette Clarke,D,No,"181,455","20,901",779,89.30,10.30,83.5,14.4,Pure urban,34,D+34,35.2,47.7,9.8,5.8,0.2,1.2,37.5,62,54895,13.3
NY10,New York,NY,10,NY-10,26,Jerrold Nadler,D,No,"173,095","37,619",0,82.10,17.90,78.3,18.8,Pure urban,26,D+26,69,4.2,10.7,14.7,0.2,1.3,60.3,71.1,85756,19.8
NY11,New York,NY,11,NY-11,-3,Max Rose,D,Yes (to Democrats),"101,823","89,441",774,53.00,46.60,43.8,53.6,Pure urban,-3,R+3,68.1,6.7,12.9,11.2,0.1,1,34.4,37.8,71072,42.3
NY12,New York,NY,12,NY-12,31,Carolyn Maloney,D,No,"217,430","30,446","3,726",86.40,12.10,83.3,13.5,Pure urban,31,D+31,71.1,4.6,11.9,10.5,0.1,1.7,72.2,80.3,100281,14
NY13,New York,NY,13,NY-13,43,Adriano Espaillat,D,No,"180,035","10,268",0,94.60,5.40,92.3,5.4,Pure urban,43,D+43,17.4,29.4,47.5,4,0.2,1.6,31,71.7,41103,4.9
NY14,New York,NY,14,NY-14,29,Alexandria Ocasio-Cortez,D,No,"110,318","19,202","11,604",78.20,13.60,77.7,19.8,Pure urban,29,D+29,31.8,12.4,39.9,14.6,0.2,1.1,25.6,39.5,53512,19.1
NY15,New York,NY,15,NY-15,44,Jose E. Serrano,D,No,"124,469","5,205",0,96.00,4.00,93.8,4.9,Pure urban,44,D+44,3.5,31.7,61.9,1.8,0.3,0.7,12.4,27.7,29234,2.5
NY16,New York,NY,16,NY-16,24,Eliot Engel,D,No,"182,044",0,0,100.00,0.00,75.1,22.5,Pure urban,24,D+24,43.1,31.2,20,4.4,0.2,1,40.6,57.5,69086,18.2
NY17,New York,NY,17,NY-17,7,Nita Lowey,D,No,"170,168",0,"23,150",88.00,0.00,58.6,38.4,Sparse suburban,7,D+7,69.8,10.3,13.4,5.2,0.1,1.1,44.5,52.2,94451,33.3
NY18,New York,NY,18,NY-18,-1,Sean Patrick Maloney,D,No,"139,564","112,035",0,55.50,44.50,47.1,49,Rural-suburban mix,-1,R+1,75.5,8.7,11.9,2.4,0.2,1.3,35.7,39.1,80493,45.8
NY19,New York,NY,19,NY-19,-2,Antonio Delgado,D,Yes (to Democrats),"147,873","132,873","7,148",51.40,46.20,44,50.8,Pure rural,-2,R+2,88.8,3.8,5,1.1,0.1,1.2,29.2,30.1,59619,62
NY20,New York,NY,20,NY-20,7,Paul Tonko,D,No,"176,811","89,058",0,66.50,33.50,54,40.5,Sparse suburban,7,D+7,82.9,8.2,4.6,2.7,0.1,1.4,38.7,41.1,64226,48.7
NY21,New York,NY,21,NY-21,-4,Elise Stefanik,R,No,"99,791","131,981","3,437",42.40,56.10,40,53.9,Pure rural,-4,R+4,91.9,3.1,2.7,0.6,0.8,1,23.2,23.6,52350,70.1
NY22,New York,NY,22,NY-22,-6,Anthony Brindisi,D,Yes (to Democrats),"127,715","123,242",0,50.90,49.10,39.3,54.8,Rural-suburban mix,-6,R+6,91.3,3.3,2.7,1.4,0.2,1,26,26.5,52967,67
NY23,New York,NY,23,NY-23,-6,Tom Reed,R,No,"109,932","130,323",0,45.80,54.20,39.7,54.5,Pure rural,-6,R+6,91.6,2.8,2.9,1.2,0.5,1.1,26.1,25.7,48730,68
NY24,New York,NY,24,NY-24,3,John Katko,R,No,"123,226","136,920",0,47.40,52.60,48.9,45.3,Rural-suburban mix,3,D+3,86.8,7,3.1,1.3,0.5,1.3,30.3,31.4,56388,59.5
NY25,New York,NY,25,NY-25,8,Joe Morelle,D,No,"159,244","110,736",0,59.00,41.00,55.5,39.1,Sparse suburban,8,D+8,76.4,13.5,6.5,2.1,0.2,1.3,37.3,42.9,53723,43.5
NY26,New York,NY,26,NY-26,11,Brian Higgins,D,No,"169,166","61,488",5,73.30,26.70,57.6,38,Urban-suburban mix,11,D+11,75.5,16.5,4.7,1.7,0.3,1.2,30.8,34.1,47358,49.7
NY27,New York,NY,27,NY-27,-11,Chris Collins,R,No,"139,059","140,146","5,973",48.80,49.10,35.2,59.7,Pure rural,-11,R+11,93.6,2.5,1.9,0.8,0.6,0.7,30.7,31,62698,64.5
OH1,Ohio,OH,1,OH-1,-5,Steve Chabot,R,No,"141,118","154,409","5,344",46.90,51.30,44.6,51.2,Sparse suburban,-5,R+5,74.5,20.7,1.4,1.8,0.1,1.3,33.8,37.8,55712,46.3
OH2,Ohio,OH,2,OH-2,-9,Brad Wenstrup,R,No,"119,333","166,714","3,614",41.20,57.60,39.7,55.8,Rural-suburban mix,-9,R+9,88.2,8.2,1.2,0.8,0.2,1.4,32.3,33.1,55472,59
OH3,Ohio,OH,3,OH-3,19,Joyce Beatty,D,No,"181,575","65,040",62,73.60,26.40,67,28.6,Dense suburban,19,D+19,62,30.3,2.7,2,0.2,2.8,27.8,33.1,45860,41.4
OH4,Ohio,OH,4,OH-4,-14,Jim Jordan,R,No,"89,412","167,993",0,34.70,65.30,30.7,64.3,Rural-suburban mix,-14,R+14,90.4,5.1,2.5,0.5,0.2,1.2,17.9,18.1,52632,74
OH5,Ohio,OH,5,OH-5,-11,Bob Latta,R,No,"99,655","176,569","7,393",35.10,62.30,34.6,59.7,Rural-suburban mix,-11,R+11,91.7,2.8,3.7,0.9,0.1,0.8,26.2,26.1,57171,67.8
OH6,Ohio,OH,6,OH-6,-16,Bill Johnson,R,No,"76,716","172,774",0,30.70,69.30,26.7,69.3,Pure rural,-16,R+16,95.5,2.3,0.7,0.3,0.2,1,15.9,16.1,46839,80.1
OH7,Ohio,OH,7,OH-7,-12,Bob Gibbs,R,No,"107,536","153,117",0,41.30,58.70,32.8,62.5,Rural-suburban mix,-12,R+12,93.2,3.7,1.3,0.4,0.1,1.2,20.9,21.1,53374,73.5
OH8,Ohio,OH,8,OH-8,-17,Warren Davidson,R,No,"87,281","173,852",0,33.40,66.60,30.6,65.1,Rural-suburban mix,-17,R+17,90.3,5.5,1.6,1.1,0.1,1.4,23.8,24.1,58213,68.5
OH9,Ohio,OH,9,OH-9,14,Marcy Kaptur,D,No,"157,219","74,670",48,67.80,32.20,58.7,36.5,Dense suburban,14,D+14,74.3,14.7,8.3,0.9,0.2,1.6,21.6,24.6,41417,56
OH10,Ohio,OH,10,OH-10,-4,Mike Turner,R,No,"118,785","157,554","5,387",42.20,55.90,44,51.3,Sparse suburban,-4,R+4,78.8,16.4,1.7,1.4,0.1,1.5,27.9,29.3,49988,55.6
OH11,Ohio,OH,11,OH-11,32,Marcia Fudge,D,No,"206,138","44,486",36,82.20,17.70,80.5,17,Urban-suburban mix,32,D+32,41.6,52,3.2,1.5,0.2,1.5,26.8,41.1,35735,24.4
OH12,Ohio,OH,12,OH-12,-7,Troy Balderson,R,No,"161,251","175,677","4,719",47.20,51.40,41.9,53.2,Sparse suburban,-7,R+7,90.1,4.4,1.7,2,0.1,1.7,41,39.9,67415,54.1
OH13,Ohio,OH,13,OH-13,7,Tim Ryan,D,No,"153,323","98,047",0,61.00,39.00,51.1,44.6,Sparse suburban,7,D+7,85,10.7,2.2,0.6,0.2,1.3,23.7,24.8,42430,63.9
OH14,Ohio,OH,14,OH-14,-5,David Joyce,R,No,"137,549","169,809",0,44.80,55.20,42.1,53.6,Sparse suburban,-5,R+5,92,4.2,1.6,1.3,0.1,0.9,34.1,33.9,63362,60.8
OH15,Ohio,OH,15,OH-15,-7,Steve Stivers,R,No,"116,112","170,593","5,738",39.70,58.30,39.9,55.3,Rural-suburban mix,-7,R+7,92,3.8,1.3,1.4,0.1,1.4,31.4,30.8,61514,63.6
OH16,Ohio,OH,16,OH-16,-8,Anthony Gonzalez,R,No,"129,681","170,029",0,43.30,56.70,39.5,56.2,Sparse suburban,-8,R+8,94,2,1.6,1.4,0.1,0.8,33.3,33,64197,62.9
OK1,Oklahoma,OK,1,OK-1,-17,Kevin Hern,R,No,"103,042","150,129",0,40.70,59.30,32.7,61.4,Sparse suburban,-17,R+17,74,8.4,4.5,1.6,5.2,6.2,30.2,34,52319,48.8
OK2,Oklahoma,OK,2,OK-2,-24,Markwayne Mullin,R,No,"65,021","140,451","10,530",30.10,65.00,22.8,72.9,Pure rural,-24,R+24,70.2,3.5,2.6,0.5,14.9,8.2,17,17.8,40770,57.7
OK3,Oklahoma,OK,3,OK-3,-27,Frank Lucas,R,No,"61,152","172,913",0,26.10,73.90,20.9,73.6,Pure rural,-27,R+27,80.6,3.8,5.3,1,5.3,4,22.9,24.5,47724,60.8
OK4,Oklahoma,OK,4,OK-4,-20,Tom Cole,R,No,"78,088","149,227","9,323",33.00,63.10,28.3,65.7,Rural-suburban mix,-20,R+20,76.5,6.5,5.6,1.7,4.5,5.1,25.5,26.7,55183,56
OK5,Oklahoma,OK,5,OK-5,-10,Kendra Horn,D,Yes (to Democrats),"121,149","117,811",0,50.70,49.30,39.8,53.2,Dense suburban,-10,R+10,68.8,13.9,6.5,2.2,4.3,4.3,30.1,35,49616,44.7
OR1,Oregon,OR,1,OR-1,9,Suzanne Bonamici,D,No,"231,198","116,446","15,605",63.60,32.10,57.3,34.5,Dense suburban,9,D+9,82.5,1.6,7.1,5.6,0.5,2.8,41.1,43.3,72097,46.7
OR2,Oregon,OR,2,OR-2,-11,Greg Walden,R,No,"145,298","207,597","15,814",39.40,56.30,36.4,56.5,Rural-suburban mix,-11,R+11,87.7,0.6,7,0.9,1.6,2.3,23.8,25.8,49837,65
OR3,Oregon,OR,3,OR-3,24,Earl Blumenauer,D,No,"279,019","76,187","29,120",72.60,19.80,70.7,22.5,Urban-suburban mix,24,D+24,80.3,4.6,5.7,5.8,0.6,3.1,41.2,45.4,63231,43.7
OR4,Oregon,OR,4,OR-4,0,Peter DeFazio,D,No,"208,710","152,414","11,769",56.00,40.90,46.1,46,Rural-suburban mix,0,EVEN,89.5,0.7,4.3,1.6,1.1,2.8,26.7,26.9,46749,65.3
OR5,Oregon,OR,5,OR-5,0,Kurt Schrader,D,No,"197,187","149,887","11,395",55.00,41.80,48.3,44.1,Dense suburban,0,EVEN,85.3,0.9,8,2.5,0.8,2.5,30,32.4,60395,57.6
PA1,Pennsylvania,PA,1,PA-1,-1,Brian Fitzpatrick,R,No,"160,745","169,053",0,48.70,51.30,49.1,47.1,Sparse suburban,-1,R+1,47.3,33.2,13,5.1,0.2,1.2,27.4,39.1,45025,28.7
PA2,Pennsylvania,PA,2,PA-2,25,Brendan Boyle,D,No,"159,600","42,382",0,79.00,21.00,72.9,24.9,Pure urban,25,D+25,32.8,56.9,4.8,3.5,0.2,1.8,36.7,68.8,41320,10.2
PA3,Pennsylvania,PA,3,PA-3,41,Dwight Evans,D,No,"287,610","20,387",0,93.40,6.60,90.9,7,Pure urban,41,D+41,93.1,4,1.5,0.5,0.1,0.9,26.5,27,51289,67.9
PA4,Pennsylvania,PA,4,PA-4,7,Madeleine Dean,D,No,"211,524","121,467",0,63.50,36.50,57.8,38.5,Sparse suburban,7,D+7,86.4,6.6,4.3,1.4,0.1,1.1,26.7,27.3,61333,62.8
PA5,Pennsylvania,PA,5,PA-5,13,Mary Gay Scanlon,D,Yes (to Democrats),"198,639","106,075",0,65.20,34.80,62.6,34.4,Urban-suburban mix,13,D+13,94.1,2.5,1.6,0.8,0.2,0.7,25.1,24.8,48410,70.7
PA6,Pennsylvania,PA,6,PA-6,2,Chrissy Houlahan,D,Yes (to Democrats),"177,704","124,124",0,58.90,41.10,52.6,43.3,Sparse suburban,2,D+2,88.5,3.9,4,2.6,0.1,0.9,43.2,43.2,82139,50.2
PA7,Pennsylvania,PA,7,PA-7,1,Susan Wild,D,No,"140,813","114,437","8,011",53.50,43.50,48.7,47.6,Sparse suburban,1,D+1,88.3,5.3,2.2,3.4,0,0.9,43.4,42.9,85881,50.4
PA8,Pennsylvania,PA,8,PA-8,-1,Matt Cartwright,D,No,"135,603","112,563",0,54.60,45.40,43.7,53.3,Rural-suburban mix,-1,R+1,89.2,3.3,3.2,3.3,0.1,0.8,39.7,39.9,80199,53.6
PA9,Pennsylvania,PA,9,PA-9,-14,Dan Meuser,R,No,"100,204","148,723",0,40.30,59.70,31,65,Pure rural,-14,R+14,94.7,2.7,1.2,0.5,0.1,0.8,18.6,18.5,47697,77.1
PA10,Pennsylvania,PA,10,PA-10,-6,Scott Perry,R,No,"141,668","149,365",0,48.70,51.30,43.4,52.3,Sparse suburban,-6,R+6,92.3,3.1,3.1,0.6,0.2,0.8,22.5,22.4,52199,71.6
PA11,Pennsylvania,PA,11,PA-11,-14,Lloyd Smucker,R,No,"113,876","163,708",0,41.00,59.00,34.7,60.5,Sparse suburban,-14,R+14,90.1,4.6,3.4,1,0.1,0.8,25.1,25.4,53833,67.2
PA12,Pennsylvania,PA,12,PA-12,-17,Tom Marino,R,No,"82,825","161,047",0,34.00,66.00,29.7,66.1,Pure rural,-17,R+17,94.3,2.9,1,0.9,0.1,0.7,33.7,33.2,60387,63
PA13,Pennsylvania,PA,13,PA-13,-22,John Joyce,R,No,"74,733","178,533",0,29.50,70.50,25.5,71.2,Pure rural,-22,R+22,66.6,17.3,8.2,6.5,0.1,1.4,35.4,40.3,60105,39.7
PA14,Pennsylvania,PA,14,PA-14,-14,Guy Reschenthaler,R,Yes (to Republicans),"110,051","151,386",0,42.10,57.90,33.9,62.9,Rural-suburban mix,-14,R+14,75.8,19.2,1.7,1.5,0.1,1.8,35.4,37.9,44939,47
PA15,Pennsylvania,PA,15,PA-15,-20,Glenn Thompson,R,No,"78,327","165,245",0,32.20,67.80,26.5,69.8,Pure rural,-20,R+20,82,3.7,11.5,1.8,0.1,0.9,29.2,31.2,62755,56.3
PA16,Pennsylvania,PA,16,PA-16,-8,Mike Kelly,R,No,"124,109","135,348","2,939",47.30,51.60,37.9,57.9,Rural-suburban mix,-8,R+8,80.2,5.6,11.9,1.3,0.1,1,25.1,28.4,57144,57.4
PA17,Pennsylvania,PA,17,PA-17,-3,Conor Lamb,D,Yes (to Democrats),"183,162","142,417",0,56.30,43.70,46.8,49.4,Sparse suburban,-3,R+3,87.2,4.9,5.6,1.2,0.1,0.9,22.7,23.3,51635,66.8
PA18,Pennsylvania,PA,18,PA-18,13,Mike Doyle,D,No,"231,472",0,0,100.00,0.00,62.1,34.6,Urban-suburban mix,13,D+13,95.1,2.2,0.9,1,0.1,0.8,36.5,36.1,63825,60.7
RI1,Rhode Island,RI,1,RI-1,14,David Cicilline,D,No,"116,099","57,567",417,66.70,33.10,60.5,34.9,Urban-suburban mix,14,D+14,79,6.3,10.5,2.2,0.4,1.6,34.2,38.7,56547,48
RI2,Rhode Island,RI,2,RI-2,6,Jim Langevin,D,No,"126,476","72,271",450,63.50,36.30,51.1,44,Sparse suburban,6,D+6,85.7,3.3,7.2,2.2,0.4,1.2,34,36.5,63976,54.3
SC1,South Carolina,SC,1,SC-1,-10,Joe Cunningham,D,Yes (to Democrats),"145,455","141,473",505,50.60,49.20,40.4,53.5,Sparse suburban,-10,R+10,75.5,18.3,3.2,1.5,0.3,1.3,39.9,45.4,64973,41.2
SC2,South Carolina,SC,2,SC-2,-12,Joe Wilson,R,No,"109,199","144,642","3,298",42.50,56.30,38.6,56.3,Rural-suburban mix,-12,R+12,71.5,22.9,2.6,1.4,0.2,1.4,33.5,36,57253,45.7
SC3,South Carolina,SC,3,SC-3,-19,Jeff Duncan,R,No,"70,046","153,338","2,820",31.00,67.80,29,67,Pure rural,-19,R+19,78.2,18.5,1.8,0.6,0.2,0.8,22,25.2,45042,58.4
SC4,South Carolina,SC,4,SC-4,-15,William Timmons,R,No,"89,182","145,321","9,447",36.60,59.60,34.5,60.2,Sparse suburban,-15,R+15,74.6,19.2,3.4,1.6,0.2,1,30.7,35.1,51718,48.4
SC5,South Carolina,SC,5,SC-5,-9,Ralph Norman,R,No,"103,129","141,757","3,693",41.50,57.00,38.8,57.3,Pure rural,-9,R+9,68.8,26.7,2.3,0.8,0.4,1.1,23,27.3,48743,50
SC6,South Carolina,SC,6,SC-6,19,Jim Clyburn,D,No,"144,765","58,282","3,386",70.10,28.20,66.8,30.3,Pure rural,19,D+19,39.6,56.3,2,0.7,0.3,1.2,19.6,27.7,35296,28.6
SC7,South Carolina,SC,7,SC-7,-9,Tom Rice,R,No,"96,564","142,681",309,40.30,59.60,39.1,58,Rural-suburban mix,-9,R+9,68.4,27.9,1.7,0.7,0.6,0.8,20.1,23.2,43146,52.5
SDAL,South Dakota,SD,AL,SD-AL,-14,Dusty Johnson,R,No,"121,033","202,695","12,237",36.00,60.30,31.7,61.5,Pure rural,-14,R+14,87.8,1,2,0.6,7,1.5,28.9,30.9,54467,60.6
TN1,Tennessee,TN,1,TN-1,-28,Phil Roe,R,No,"47,138","172,835","4,309",21.00,77.10,19.7,76.7,Rural-suburban mix,-28,R+28,94.8,2.1,1.3,0.5,0.3,1.1,19.4,19.8,41006,76
TN2,Tennessee,TN,2,TN-2,-20,Tim Burchett,R,No,"86,668","172,856","2,609",33.10,65.90,29.7,65.1,Rural-suburban mix,-20,R+20,90.3,5.8,1.6,1,0.2,1.1,31,30.9,50701,62.3
TN3,Tennessee,TN,3,TN-3,-18,Chuck Fleischmann,R,No,"84,731","156,512","4,522",34.50,63.70,30.2,65.4,Rural-suburban mix,-18,R+18,85.7,10.4,1.6,0.9,0.3,1.1,22.7,23.5,43938,65.5
TN4,Tennessee,TN,4,TN-4,-20,Scott DesJarlais,R,No,"78,065","147,323","7,063",33.60,63.40,27.4,68.6,Rural-suburban mix,-20,R+20,86,8.3,2.3,1,0.2,2,22.6,23,50598,66.1
TN5,Tennessee,TN,5,TN-5,7,Jim Cooper,D,No,"177,923","84,317",8,67.80,32.20,56.5,38.2,Sparse suburban,7,D+7,68.5,25.1,3,1.7,0.3,1.3,37.5,43.6,54470,38.6
TN6,Tennessee,TN,6,TN-6,-24,John Rose,R,No,"70,370","172,810","5,560",28.30,69.50,23.7,72.6,Pure rural,-24,R+24,92.5,4,1.6,0.6,0.3,1,21.9,21.9,50731,72.2
TN7,Tennessee,TN,7,TN-7,-20,Mark Green,R,No,"81,661","170,071","2,652",32.10,66.90,28.2,67.5,Pure rural,-20,R+20,84.2,9.9,3.2,1.2,0.3,1.2,28.1,28.8,53276,59.9
TN8,Tennessee,TN,8,TN-8,-19,David Kustoff,R,No,"74,755","168,030","5,560",30.10,67.70,30.7,66.3,Rural-suburban mix,-19,R+19,76.8,19.3,1.7,1.2,0.2,0.8,27.6,28.9,54145,54.5
TN9,Tennessee,TN,9,TN-9,28,Steve Cohen,D,No,"145,139","34,901","1,436",80.00,19.20,77.5,19.8,Dense suburban,28,D+28,29.2,66.4,2.1,1.1,0.1,1,24.1,38.2,39761,18
TX1,Texas,TX,1,TX-1,-25,Louie Gohmert,R,No,"61,263","168,165","3,292",26.30,72.30,25.3,72.2,Pure rural,-25,R+25,71.3,18.5,8.2,0.8,0.4,0.9,20.9,24.7,45313,53.7
TX2,Texas,TX,2,TX-2,-11,Dan Crenshaw,R,No,"119,992","139,188","4,212",45.60,52.80,43.1,52.4,Dense suburban,-11,R+11,59.9,11.5,20.6,6.4,0.3,1.4,40.8,49.9,72711,29.9
TX3,Texas,TX,3,TX-3,-13,Van Taylor,R,No,"138,234","169,520","4,757",44.20,54.20,40.6,54.8,Dense suburban,-13,R+13,69.2,9.1,9.7,10,0.3,1.6,53.5,55,88619,31.1
TX4,Texas,TX,4,TX-4,-28,John Ratcliffe,R,No,"57,400","188,667","3,178",23.00,75.70,21.8,75.4,Pure rural,-28,R+28,79.6,10.7,6.9,0.7,0.6,1.5,22.1,24.3,52481,60.2
TX5,Texas,TX,5,TX-5,-16,Lance Gooden,R,No,"78,666","130,617",224,37.50,62.30,34.3,62.7,Rural-suburban mix,-16,R+16,66.8,16.2,13.9,1.6,0.5,1.1,21.1,26,50536,49.4
TX6,Texas,TX,6,TX-6,-9,Ron Wright,R,No,"116,350","135,961","3,731",45.40,53.10,41.9,54.2,Dense suburban,-9,R+9,60.1,19.4,14.5,4.2,0.4,1.4,28.7,32.2,65758,40.7
TX7,Texas,TX,7,TX-7,-7,Lizzie Fletcher,D,Yes (to Democrats),"127,959","115,642",0,52.50,47.50,48.5,47.1,Urban-suburban mix,-7,R+7,56.8,14.1,19,8.7,0.2,1.3,50.7,61.5,71183,21.8
TX8,Texas,TX,8,TX-8,-28,Kevin Brady,R,No,"67,930","200,619","4,621",24.90,73.40,23.9,72.7,Rural-suburban mix,-28,R+28,74.9,9,12.4,2.2,0.3,1.2,30.2,32.5,64861,50.5
TX9,Texas,TX,9,TX-9,29,Al Green,D,No,"136,256",0,"16,745",89.10,0.00,79.3,18,Urban-suburban mix,29,D+29,16.9,47.7,23.2,11,0.2,1,23.8,44.5,46048,9.4
TX10,Texas,TX,10,TX-10,-9,Michael McCaul,R,No,"144,034","157,166","6,627",46.80,51.10,43.2,52.3,Rural-suburban mix,-9,R+9,65.6,11.2,17.7,4,0.2,1.3,38.7,45.5,73476,35.7
TX11,Texas,TX,11,TX-11,-32,Mike Conaway,R,No,"40,631","176,603","3,143",18.40,80.10,19.1,77.8,Rural-suburban mix,-32,R+32,65.9,3.7,28.4,0.7,0.3,1,20.4,26.3,50602,48.5
TX12,Texas,TX,12,TX-12,-18,Kay Granger,R,No,"90,994","172,557","4,940",33.90,64.30,32.7,62.9,Sparse suburban,-18,R+18,72.4,8.4,14.8,2.7,0.4,1.3,29.9,34.3,62214,47.5
TX13,Texas,TX,13,TX-13,-33,Mac Thornberry,R,No,"35,083","169,027","3,175",16.90,81.50,16.9,79.9,Rural-suburban mix,-33,R+33,73.8,5.5,17.5,1.3,0.6,1.3,20.4,24.7,50150,55.6
TX14,Texas,TX,14,TX-14,-12,Randy Weber,R,No,"92,212","138,942","3,374",39.30,59.20,38.4,58.2,Sparse suburban,-12,R+12,59,20.9,16.4,2.4,0.3,1,22.7,28.4,58103,42.2
TX15,Texas,TX,15,TX-15,7,Vicente Gonzalez,D,No,"98,333","63,862","2,607",59.70,38.80,56.7,40,Sparse suburban,7,D+7,23.1,2.4,72.8,1.2,0.2,0.4,19.8,31.1,41947,15.9
TX16,Texas,TX,16,TX-16,17,Veronica Escobar,D,No,"124,437","49,127","8,190",68.50,27.00,67.9,27.2,Dense suburban,17,D+17,19,4.3,74.4,1.2,0.3,0.8,23.9,37,44045,11.9
TX17,Texas,TX,17,TX-17,-12,Bill Flores,R,No,"98,070","134,841","4,440",41.30,56.80,38.8,56.3,Rural-suburban mix,-12,R+12,65.6,13.3,16.6,2.9,0.2,1.4,29.4,36.3,50888,41.8
TX18,Texas,TX,18,TX-18,27,Sheila Jackson Lee,D,No,"138,704","38,368","7,260",75.20,20.80,76.5,20,Dense suburban,27,D+27,23.6,46.4,25,3.9,0.1,1,22.4,49.6,42662,11.8
TX19,Texas,TX,19,TX-19,-27,Jodey Arrington,R,No,"50,039","151,946",0,24.80,75.20,23.5,72.5,Rural-suburban mix,-27,R+27,62.5,6,29,1,0.4,1.1,22.4,30.8,47875,43.2
TX20,Texas,TX,20,TX-20,10,Joaquin Castro,D,No,"139,038",0,"32,925",80.90,0.00,61,34.3,Dense suburban,10,D+10,26.7,5.6,64.3,2.2,0.2,1,24.7,42.7,49421,15.3
TX21,Texas,TX,21,TX-21,-10,Chip Roy,R,No,"168,421","177,654","7,542",47.60,50.20,42.5,52.5,Dense suburban,-10,R+10,69.6,3.3,23.1,2.3,0.2,1.4,45.1,49.7,68987,35
TX22,Texas,TX,22,TX-22,-10,Pete Olson,R,No,"138,153","152,750","6,502",46.50,51.40,44.2,52.1,Sparse suburban,-10,R+10,49.7,14.5,19.5,14.7,0.3,1.3,45.1,46.6,87901,26.5
TX23,Texas,TX,23,TX-23,-1,Will Hurd,R,No,"102,359","103,285","4,425",48.70,49.20,49.8,46.4,Rural-suburban mix,-1,R+1,31.8,3.8,62,1.2,0.4,0.8,21.7,38.4,51293,19.6
TX24,Texas,TX,24,TX-24,-9,Kenny Marchant,R,No,"125,231","133,317","4,870",47.50,50.60,44.5,50.7,Dense suburban,-9,R+9,63.3,11.6,14.5,8.4,0.3,1.8,44.7,50.9,70454,31
TX25,Texas,TX,25,TX-25,-11,Roger Williams,R,No,"136,385","163,023","5,145",44.80,53.50,40.2,55.1,Rural-suburban mix,-11,R+11,74.9,7.1,13.5,2.3,0.3,1.8,37.2,41.4,69083,43.8
TX26,Texas,TX,26,TX-26,-18,Michael Burgess,R,No,"121,938","185,551","5,016",39.00,59.40,34.4,60.9,Sparse suburban,-18,R+18,74.4,7.5,12,3.9,0.4,1.8,44.2,46.7,87272,39.6
TX27,Texas,TX,27,TX-27,-13,Michael Cloud,R,No,"75,929","125,118","6,374",36.60,60.30,36.5,60.1,Rural-suburban mix,-13,R+13,47.3,5.4,45.2,1.1,0.2,0.8,20.3,29.3,53047,33.4
TX28,Texas,TX,28,TX-28,9,Henry Cuellar,D,No,"117,494",0,"21,732",84.40,0.00,58.3,38.5,Sparse suburban,9,D+9,24.5,5.3,68.3,0.8,0.2,0.9,17.7,28.3,44021,17.5
TX29,Texas,TX,29,TX-29,19,Sylvia Garcia,D,No,"88,188","28,098","1,208",75.10,23.90,71.1,25.4,Dense suburban,19,D+19,18.7,16.1,62.3,2.1,0.3,0.5,10.4,21.1,41737,14.7
TX30,Texas,TX,30,TX-30,29,Eddie Bernice Johnson,D,No,"166,784",0,"16,390",91.10,0.00,79.1,18.3,Dense suburban,29,D+29,22.6,52.8,21.4,1.9,0.2,1.1,20.5,40.8,44689,13.3
TX31,Texas,TX,31,TX-31,-10,John Carter,R,No,"136,362","144,680","4,965",47.70,50.60,40.8,53.5,Sparse suburban,-10,R+10,64.8,11.2,18.3,3.4,0.3,2,34.3,38.3,69228,40
TX32,Texas,TX,32,TX-32,-5,Colin Allred,D,Yes (to Democrats),"144,067","126,101","5,452",52.30,45.80,48.5,46.6,Dense suburban,-5,R+5,63.8,13,14.2,6.7,0.2,2,43.4,55.7,70119,28.2
TX33,Texas,TX,33,TX-33,23,Marc Veasey,D,No,"90,805","26,120","2,299",76.20,21.90,72.9,23.7,Dense suburban,23,D+23,27,24.4,44.9,2.5,0.3,0.9,9.3,24.3,38445,20.4
TX34,Texas,TX,34,TX-34,10,Filemon Vela,D,No,"85,825","57,243",0,60.00,40.00,59.2,37.7,Rural-suburban mix,10,D+10,20.4,1.7,77.1,0.5,0.1,0.2,15.1,26.1,37989,15
TX35,Texas,TX,35,TX-35,15,Lloyd Doggett,D,No,"138,278","50,553","5,236",71.30,26.00,64.1,30.5,Dense suburban,15,D+15,34.2,10.6,52.4,1.3,0.2,1.2,20.4,34.3,48490,22.4
TX36,Texas,TX,36,TX-36,-26,Brian Babin,R,No,"60,908","161,048",0,27.40,72.60,25.2,72,Rural-suburban mix,-26,R+26,71.6,9.5,15.6,1.7,0.4,1.2,19.4,21.7,58984,56
UT1,Utah,UT,1,UT-1,-26,Rob Bishop,R,No,"63,308","156,692","34,333",24.90,61.60,22.4,49.7,Sparse suburban,-26,R+26,87.3,0.9,7.9,1.6,0.9,1.3,28.9,31.3,65896,59.9
UT2,Utah,UT,2,UT-2,-16,Chris Stewart,R,No,"105,051","151,489","13,504",38.90,56.10,32,46,Rural-suburban mix,-16,R+16,85.7,0.9,8.4,2.7,0.9,1.3,32.5,35.3,60700,55.4
UT3,Utah,UT,3,UT-3,-25,John Curtis,R,No,"70,686","174,856","13,316",27.30,67.50,23.3,47.2,Sparse suburban,-25,R+25,88.8,0.5,5.9,1.9,1.4,1.6,41.6,44,70763,49.7
UT4,Utah,UT,4,UT-4,-13,Ben McAdams,D,Yes (to Democrats),"134,964","134,270",37,50.10,49.90,32.4,39.1,Dense suburban,-13,R+13,84.4,1.2,9.2,3.3,0.7,1.2,28.2,31.2,68711,58
VA1,Virginia,VA,1,VA-1,-8,Rob Wittman,R,No,"148,464","183,250",387,44.70,55.20,41.2,53.6,Rural-suburban mix,-8,R+8,73.3,16.7,5.3,2.4,0.4,1.9,37.5,41.2,81338,43
VA2,Virginia,VA,2,VA-2,-3,Elaine Luria,D,Yes (to Democrats),"139,571","133,458",371,51.10,48.80,45.4,48.8,Dense suburban,-3,R+3,68,19.3,5.5,4.4,0.3,2.4,34.4,38.5,66953,41.8
VA3,Virginia,VA,3,VA-3,16,Bobby Scott,D,No,"198,615",0,"19,107",91.20,0.00,63.6,31.9,Dense suburban,16,D+16,46.3,45.1,4,2.2,0.3,2.1,26.2,32.3,51794,31.3
VA4,Virginia,VA,4,VA-4,10,Don McEachin,D,No,"187,642","107,706","4,506",62.60,35.90,58.7,37.1,Rural-suburban mix,10,D+10,52.1,41.5,2.8,1.6,0.3,1.8,30.1,37.8,54607,32.4
VA5,Virginia,VA,5,VA-5,-6,Denver Riggleman,R,No,"145,040","165,339",547,46.60,53.20,42.3,53.4,Pure rural,-6,R+6,75.9,20.1,1.6,1,0.2,1.2,27.9,31.5,52237,52
VA6,Virginia,VA,6,VA-6,-13,Ben Cline,R,No,"113,133","167,957",287,40.20,59.70,34.9,59.7,Rural-suburban mix,-13,R+13,84.9,10.2,2.4,1.1,0.2,1.2,26.6,28.7,50061,60.5
VA7,Virginia,VA,7,VA-7,-6,Abigail Spanberger,D,Yes (to Democrats),"176,079","169,295","4,429",50.30,48.40,44,50.5,Rural-suburban mix,-6,R+6,73.2,18.4,3.5,3,0.2,1.6,39,43.1,73580,41.6
VA8,Virginia,VA,8,VA-8,21,Don Beyer,D,No,"247,137","76,899",712,76.10,23.70,73.5,20.9,Urban-suburban mix,21,D+21,64.1,13.6,10,9.8,0.2,2.4,61.8,77.1,100719,14.6
VA9,Virginia,VA,9,VA-9,-19,Morgan Griffith,R,No,"85,833","160,933",214,34.80,65.20,27.3,68.8,Pure rural,-19,R+19,91.8,5.4,1.1,0.8,0.1,0.8,20.4,20,41698,73.4
VA10,Virginia,VA,10,VA-10,1,Jennifer Wexton,D,Yes (to Democrats),"206,356","160,841",598,56.10,43.70,52.2,42.2,Sparse suburban,1,D+1,72.5,7.2,7.1,10.9,0.3,2.1,54.3,56.7,120384,31.3
VA11,Virginia,VA,11,VA-11,15,Gerry Connolly,D,No,"219,191","83,023","6,051",71.10,26.90,66.9,27.5,Dense suburban,15,D+15,58.2,13.5,10.8,14.7,0.1,2.8,55.5,66.5,106554,19.4
VTAL,Vermont,VT,AL,VT-AL,15,Peter Welch,D,No,"188,547","70,705","13,199",69.20,26.00,56.7,30.3,Pure rural,15,D+15,95.4,0.8,1.4,0.9,0.3,1.3,36.4,36.5,57677,60.5
WA1,Washington,WA,1,WA-1,6,Suzan DelBene,D,No,"197,209","135,534",0,59.30,40.70,54.1,37.8,Sparse suburban,6,D+6,83.8,1.1,4.8,6.7,1,2.5,43.4,41.5,91018,48.9
WA2,Washington,WA,2,WA-2,10,Rick Larsen,D,No,"210,187",0,"84,646",71.30,0.00,56.9,34.8,Dense suburban,10,D+10,80.4,2.4,5.8,7,1.2,3.3,30.3,31.4,65187,55.1
WA3,Washington,WA,3,WA-3,-4,Jaime Herrera Beutler,R,No,"145,407","161,819",0,47.30,52.70,42.5,49.9,Rural-suburban mix,-4,R+4,87.6,1.4,4.5,3,0.8,2.8,25.4,25.8,61304,65
WA4,Washington,WA,4,WA-4,-13,Dan Newhouse,R,No,"83,785","141,551",0,37.20,62.80,35.1,57.9,Rural-suburban mix,-13,R+13,72.6,1.1,20.4,1.3,2.6,2,20.1,26.4,52484,53.4
WA5,Washington,WA,5,WA-5,-8,Cathy McMorris Rodgers,R,No,"144,925","175,422",0,45.20,54.80,39.1,52.2,Rural-suburban mix,-8,R+8,88.5,1.4,4.1,1.9,1.4,2.6,30.4,30.9,51697,61.1
WA6,Washington,WA,6,WA-6,6,Derek Kilmer,D,No,"206,409","116,677",0,63.90,36.10,51.8,39.5,Rural-suburban mix,6,D+6,82.5,3.5,4.6,3.8,1.7,3.9,29.7,31.6,60616,56.4
WA7,Washington,WA,7,WA-7,33,Pramila Jayapal,D,No,"329,800","64,881",0,83.60,16.40,82.1,12.2,Urban-suburban mix,33,D+33,78.1,3.5,5,8.8,0.6,4.1,61,64.5,84579,27.7
WA8,Washington,WA,8,WA-8,0,Kim Schrier,D,Yes (to Democrats),"164,089","148,968",0,52.40,47.60,47.7,44.7,Sparse suburban,0,EVEN,81.3,2.7,6.1,6.4,0.9,2.8,34.5,35.1,79516,52.7
WA9,Washington,WA,9,WA-9,21,Adam Smith,D,No,"240,567",0,0,100.00,0.00,70.5,23.3,Dense suburban,21,D+21,58.5,10.5,6,19.8,0.7,4.6,41.8,48.1,75407,30.3
WA10,Washington,WA,10,WA-10,5,Denny Heck,D,No,"166,215","103,860",0,61.50,38.50,51.3,39.9,Dense suburban,5,D+5,74.6,6.1,6.9,6.8,1.3,4.3,28.7,30.9,62206,51.4
WI1,Wisconsin,WI,1,WI-1,-5,Bryan Steil,R,No,"137,508","177,492","10,013",42.30,54.60,42.3,52.6,Sparse suburban,-5,R+5,86.8,5,5.6,1.3,0.3,1,28.2,29.7,61589,61
WI2,Wisconsin,WI,2,WI-2,18,Mark Pocan,D,No,"309,116",0,38,100.00,0.00,65.8,29,Rural-suburban mix,18,D+18,89.4,3.6,2.9,2.4,0.3,1.3,42.6,43.3,65589,50.7
WI3,Wisconsin,WI,3,WI-3,0,Ron Kind,D,No,"187,888","126,980",0,59.70,40.30,44.8,49.3,Pure rural,0,EVEN,94.8,1,1.3,1.5,0.5,0.8,25.4,25.8,52154,70.3
WI4,Wisconsin,WI,4,WI-4,25,Gwen Moore,D,No,"206,487","59,091","7,170",75.70,21.70,74,21.8,Urban-suburban mix,25,D+25,52.6,32.8,9.7,2.6,0.5,1.8,27.4,39.9,41816,31.6
WI5,Wisconsin,WI,5,WI-5,-13,Jim Sensenbrenner,R,No,"138,385","225,619",1,38.00,62.00,37.3,57.4,Sparse suburban,-13,R+13,92.4,1.8,3.3,1.4,0.2,0.8,36.9,36.9,68162,58.3
WI6,Wisconsin,WI,6,WI-6,-8,Glenn Grothman,R,No,"144,536","180,311",0,44.50,55.50,38.8,55.7,Rural-suburban mix,-8,R+8,93.6,1.5,2.3,1.4,0.5,0.7,26.4,26.8,57129,68.5
WI7,Wisconsin,WI,7,WI-7,-8,Sean Duffy,R,No,"124,307","194,061","4,419",38.50,60.10,37.3,57.7,Pure rural,-8,R+8,94.6,0.5,1.2,1,1.8,0.9,23.1,23.4,51738,72.5
WI8,Wisconsin,WI,8,WI-8,-7,Mike Gallagher,R,No,"119,265","209,410",0,36.30,63.70,38.6,56.2,Rural-suburban mix,-7,R+7,92.3,1,2.2,1.4,2.1,1,25.4,26,57888,68.3
WV1,West Virginia,WV,1,WV-1,-19,David McKinley,R,No,"70,217","127,997",0,35.40,64.60,26.4,68,Pure rural,-19,R+19,95,2.4,0.9,0.6,0.2,0.9,23.5,23.1,45611,73
WV2,West Virginia,WV,2,WV-2,-17,Alex Mooney,R,No,"88,011","110,504","6,277",43.00,54.00,29.4,65.8,Pure rural,-17,R+17,92.5,3.8,1.3,0.6,0.2,1.6,21.5,21.1,48358,72.9
WV3,West Virginia,WV,3,WV-3,-23,Carol Miller,R,No,"76,340","98,645",0,43.60,56.40,23.3,72.5,Pure rural,-23,R+23,94,3.8,0.8,0.4,0.2,0.9,17.4,17.2,37728,77.8
WYAL,Wyoming,WY,AL,WY-AL,-25,Liz Cheney,R,No,"59,903","127,963","13,379",29.80,63.60,22.5,70.1,Pure rural,-25,R+25,88.4,0.9,6.9,0.6,1.8,1.5,27.1,28.5,59882,63.1