State,Representative (District),Representative,, Age 0 to 17 with Pre-existing Condition , Age 18 to 24 with Pre-existing Condition , Age 25 to 34 with Pre-existing Condition , Age 35 to 44 with Pre-existing Condition , Age 45 to 54 with Pre-existing Condition , Age 55 to 64 with Pre-existing Condition ,Nonelderly with Pre-existing Condition,Percent of Nonelderly with Pre-existing Condition
Alabama,Bradley Byrne (AL-1),Bradley Byrne ,AL-1),"39,200","22,300","40,700","49,700","63,500","65,100","280,500",50%
Alabama,Martha Roby (AL-2),Martha Roby ,AL-2),"38,200","23,700","41,600","48,900","61,200","62,100","275,700",50%
Alabama,Mike Rogers (AL-3),Mike Rogers ,AL-3),"37,400","29,200","38,500","50,200","63,400","64,000","282,700",50%
Alabama,Robert B. Aderholt (AL-4),Robert B. Aderholt ,AL-4),"37,800","19,900","36,900","48,600","61,400","63,900","268,500",50%
Alabama,Mo Brooks (AL-5),Mo Brooks ,AL-5),"37,600","23,900","40,600","50,000","74,100","69,800","296,000",51%
Alabama,Gary J. Palmer (AL-6),Gary J. Palmer ,AL-6),"39,600","21,000","41,100","55,900","68,300","67,200","293,000",51%
Alabama,Terri A. Sewell (AL-7),Terri A. Sewell ,AL-7),"35,200","30,700","41,800","44,800","51,800","59,200","263,400",49%
Alaska,Don Young (AK-AL),Don Young ,AK-AL),"44,600","30,200","54,200","53,400","67,900","76,200","326,400",50%
Arizona,Tom O'Halleran (AZ-1),Tom O'Halleran ,AZ-1),"44,300","29,800","43,400","52,700","58,400","71,100","299,700",49%
Arizona,Martha McSally (AZ-2),Martha McSally ,AZ-2),"33,900","27,000","39,300","43,800","61,700","74,600","280,300",51%
Arizona,Raúl M. Grijalva (AZ-3),Raúl M. Grijalva ,AZ-3),"49,600","35,300","50,800","55,000","62,900","55,800","309,400",47%
Arizona,Paul A. Gosar (AZ-4),Paul A. Gosar ,AZ-4),"34,400","19,000","33,300","44,000","62,700","80,400","273,800",53%
Arizona,Andy Biggs (AZ-5),Andy Biggs ,AZ-5),"49,000","22,900","41,800","62,800","77,500","73,200","327,200",50%
Arizona,David Schweikert (AZ-6),David Schweikert ,AZ-6),"36,700","20,400","45,100","55,600","79,000","76,900","313,600",53%
Arizona,Ruben Gallego (AZ-7),Ruben Gallego ,AZ-7),"55,700","32,300","56,600","62,300","60,300","48,800","316,000",46%
Arizona,Trent Franks (AZ-8),Trent Franks ,AZ-8),"42,100","22,000","40,300","53,000","71,500","72,100","301,100",51%
Arizona,Kyrsten Sinema (AZ-9),Kyrsten Sinema ,AZ-9),"40,600","36,500","63,700","60,700","73,500","67,200","342,100",50%
Arkansas,"Eric A. ""Rick"" Crawford (AR-1)","Eric A. ""Rick"" Crawford ",AR-1),"39,900","22,300","39,700","51,100","63,500","64,600","281,100",50%
Arkansas,J. French Hill (AR-2),J. French Hill ,AR-2),"42,700","27,700","48,500","54,500","67,900","65,900","307,200",50%
Arkansas,Steve Womack (AR-3),Steve Womack ,AR-3),"47,000","30,500","50,000","55,100","67,300","64,600","314,500",49%
Arkansas,Bruce Westerman (AR-4),Bruce Westerman ,AR-4),"39,000","23,400","34,700","45,900","64,700","67,000","274,700",50%
California,Doug LaMalfa (CA-1),Doug LaMalfa ,CA-1),"34,100","25,500","38,300","41,300","59,900","79,300","278,500",52%
California,Jared Huffman (CA-2),Jared Huffman ,CA-2),"34,200","22,300","36,600","51,400","72,400","84,300","301,300",53%
California,John Garamendi (CA-3),John Garamendi ,CA-3),"42,300","33,200","46,200","50,500","65,300","65,500","303,100",49%
California,Tom McClintock (CA-4),Tom McClintock ,CA-4),"34,700","20,400","33,900","49,200","74,400","83,500","296,100",53%
California,Mike Thompson (CA-5),Mike Thompson ,CA-5),"36,700","24,200","45,300","52,100","70,100","78,900","307,400",52%
California,Doris O. Matsui (CA-6),Doris O. Matsui ,CA-6),"44,800","26,900","58,500","56,400","62,000","61,000","309,500",49%
California,Ami Bera (CA-7),Ami Bera ,CA-7),"40,400","23,200","46,700","54,800","75,600","75,600","316,200",51%
California,Paul Cook (CA-8),Paul Cook ,CA-8),"46,100","27,600","43,400","44,500","63,900","64,400","289,900",48%
California,Jerry McNerney (CA-9),Jerry McNerney ,CA-9),"48,800","27,800","46,700","53,400","69,900","61,200","307,800",48%
California,Jeff Denham (CA-10),Jeff Denham ,CA-10),"48,000","26,900","45,000","55,600","71,400","64,200","311,200",49%
California,Mark DeSaulnier (CA-11),Mark DeSaulnier ,CA-11),"40,200","23,500","45,300","56,300","79,000","79,700","323,900",52%
California,Nancy Pelosi (CA-12),Nancy Pelosi ,CA-12),"23,500","18,000","82,700","71,300","75,000","67,700","338,300",54%
California,Barbara Lee (CA-13),Barbara Lee ,CA-13),"34,200","28,600","62,000","64,500","73,500","67,400","330,200",51%
California,Jackie Speier (CA-14),Jackie Speier ,CA-14),"36,000","23,900","51,900","63,100","78,100","80,300","333,200",53%
California,Eric Swalwell (CA-15),Eric Swalwell ,CA-15),"45,300","20,400","48,800","69,100","82,000","77,200","342,800",51%
California,Jim Costa (CA-16),Jim Costa ,CA-16),"54,800","30,700","50,700","52,500","60,400","51,000","300,200",46%
California,Ro Khanna (CA-17),Ro Khanna ,CA-17),"38,600","22,900","60,300","71,800","77,800","67,500","338,900",51%
California,Anna G. Eshoo (CA-18),Anna G. Eshoo ,CA-18),"40,200","20,900","44,200","60,900","83,400","75,600","325,300",52%
California,Zoe Lofgren (CA-19),Zoe Lofgren ,CA-19),"42,900","27,500","49,400","63,900","81,500","70,900","336,200",51%
California,Jimmy Panetta (CA-20),Jimmy Panetta ,CA-20),"42,900","33,200","46,800","52,700","64,800","67,100","307,400",49%
California,David G. Valadao (CA-21),David G. Valadao ,CA-21),"52,600","29,700","50,000","54,700","57,000","47,200","291,100",46%
California,Devin Nunes (CA-22),Devin Nunes ,CA-22),"46,700","29,300","49,300","50,500","64,200","58,700","298,800",48%
California,Kevin McCarthy (CA-23),Kevin McCarthy ,CA-23),"49,500","25,900","48,400","53,100","64,400","63,600","304,900",48%
California,Salud O. Carbajal (CA-24),Salud O. Carbajal ,CA-24),"36,300","42,600","42,900","46,800","63,200","71,500","303,200",50%
California,Stephen Knight (CA-25),Stephen Knight ,CA-25),"44,000","26,800","41,500","53,700","78,100","66,700","310,900",50%
California,Julia Brownley (CA-26),Julia Brownley ,CA-26),"41,800","26,400","43,400","52,300","72,100","72,700","308,700",51%
California,Judy Chu (CA-27),Judy Chu ,CA-27),"34,900","21,600","44,900","58,600","78,000","77,900","315,800",53%
California,Adam B. Schiff (CA-28),Adam B. Schiff ,CA-28),"27,000","20,200","64,500","57,900","78,900","74,900","323,300",54%
California,Tony Cárdenas (CA-29),Tony Cárdenas ,CA-29),"41,800","27,800","56,500","60,400","67,000","58,800","312,200",49%
California,Brad Sherman (CA-30),Brad Sherman ,CA-30),"36,500","25,200","56,500","65,000","82,400","72,700","338,300",52%
California,Pete Aguilar (CA-31),Pete Aguilar ,CA-31),"46,900","32,100","52,300","55,200","65,500","59,200","311,100",48%
California,Grace F. Napolitano (CA-32),Grace F. Napolitano ,CA-32),"39,600","29,100","48,800","53,400","74,700","67,500","313,100",50%
California,Ted Lieu (CA-33),Ted Lieu ,CA-33),"33,000","25,000","44,000","57,600","80,400","73,200","313,200",53%
California,vacant (CA-34),vacant ,CA-34),"37,800","29,200","64,500","64,500","67,500","58,200","321,700",50%
California,Norma J. Torres (CA-35),Norma J. Torres ,CA-35),"48,200","32,200","53,100","63,500","72,200","53,200","322,300",48%
California,Raul Ruiz (CA-36),Raul Ruiz ,CA-36),"42,700","23,100","41,900","52,600","62,800","66,000","289,100",50%
California,Karen Bass (CA-37),Karen Bass ,CA-37),"33,300","31,300","60,700","59,400","68,700","60,900","314,300",51%
California,Linda T. Sánchez (CA-38),Linda T. Sánchez ,CA-38),"39,500","28,700","45,500","59,500","70,400","66,700","310,300",50%
California,Edward R. Royce (CA-39),Edward R. Royce ,CA-39),"38,400","26,100","44,700","54,000","79,200","78,300","320,700",52%
California,Lucille Roybal-Allard (CA-40),Lucille Roybal-Allard ,CA-40),"49,100","31,600","49,600","61,100","65,100","54,500","311,000",48%
California,Mark Takano (CA-41),Mark Takano ,CA-41),"47,400","37,600","53,000","54,200","67,900","56,600","316,700",48%
California,Ken Calvert (CA-42),Ken Calvert ,CA-42),"50,000","25,100","46,200","61,200","80,900","70,100","333,500",50%
California,Maxine Waters (CA-43),Maxine Waters ,CA-43),"43,500","28,600","51,700","60,600","71,600","61,800","317,800",49%
California,Nanette Diaz Barragán (CA-44),Nanette Diaz Barragán ,CA-44),"45,900","31,000","47,900","52,500","69,700","54,500","301,500",48%
California,Mimi Walters (CA-45),Mimi Walters ,CA-45),"39,000","29,200","46,100","57,300","88,700","78,100","338,400",52%
California,J. Luis Correa (CA-46),J. Luis Correa ,CA-46),"46,800","30,600","58,100","62,800","69,500","49,500","317,300",48%
California,Alan S. Lowenthal (CA-47),Alan S. Lowenthal ,CA-47),"38,000","25,100","50,300","55,400","77,500","65,800","312,100",51%
California,Dana Rohrabacher (CA-48),Dana Rohrabacher ,CA-48),"33,900","20,100","45,800","54,500","79,300","82,500","316,200",53%
California,Darrell E. Issa (CA-49),Darrell E. Issa ,CA-49),"37,700","29,200","44,900","52,400","69,700","73,100","307,000",51%
California,Duncan Hunter (CA-50),Duncan Hunter ,CA-50),"43,200","26,200","47,600","55,300","75,600","72,700","320,600",50%
California,Juan Vargas (CA-51),Juan Vargas ,CA-51),"44,800","31,900","49,500","50,200","66,200","56,600","299,400",48%
California,Scott H. Peters (CA-52),Scott H. Peters ,CA-52),"35,300","29,800","61,400","60,800","73,400","69,000","329,600",51%
California,Susan A. Davis (CA-53),Susan A. Davis ,CA-53),"38,000","30,300","65,900","64,900","71,400","66,800","337,300",50%
Colorado,Diana DeGette (CO-1),Diana DeGette ,CO-1),"39,100","24,600","79,000","72,100","68,300","69,200","352,300",51%
Colorado,Jared Polis (CO-2),Jared Polis ,CO-2),"36,900","38,600","49,900","59,100","77,800","83,900","346,200",52%
Colorado,Scott R. Tipton (CO-3),Scott R. Tipton ,CO-3),"38,800","24,400","44,100","51,100","65,800","80,800","305,100",51%
Colorado,Ken Buck (CO-4),Ken Buck ,CO-4),"48,800","24,300","45,800","63,400","78,400","77,900","338,600",50%
Colorado,Doug Lamborn (CO-5),Doug Lamborn ,CO-5),"43,600","31,200","52,000","54,800","72,200","73,500","327,300",50%
Colorado,Mike Coffman (CO-6),Mike Coffman ,CO-6),"48,300","25,200","50,700","67,100","83,400","72,000","346,700",50%
Colorado,Ed Perlmutter (CO-7),Ed Perlmutter ,CO-7),"43,800","25,500","55,600","61,600","73,100","75,100","334,700",50%
Connecticut,John B. Larson (CT-1),John B. Larson ,CT-1),"35,200","23,300","42,600","50,400","74,900","75,200","301,800",52%
Connecticut,Joe Courtney (CT-2),Joe Courtney ,CT-2),"33,100","30,100","38,500","46,700","75,200","81,100","304,500",53%
Connecticut,Rosa L. DeLauro (CT-3),Rosa L. DeLauro ,CT-3),"35,200","29,300","44,500","48,900","75,800","73,300","306,900",52%
Connecticut,James A. Himes (CT-4),James A. Himes ,CT-4),"41,900","25,200","37,600","54,400","83,900","77,800","320,800",52%
Connecticut,Elizabeth H. Esty (CT-5),Elizabeth H. Esty ,CT-5),"36,800","21,500","38,200","50,000","77,400","83,200","307,100",53%
Delaware,Lisa Blunt Rochester (DE-AL),Lisa Blunt Rochester ,DE-AL),"48,600","32,500","56,300","63,100","93,100","95,500","389,100",51%
District of Columbia,Eleanor Holmes Norton (DC-AL),Eleanor Holmes Norton ,DC-AL),"28,100","29,900","69,700","55,700","55,800","52,000","291,300",50%
Florida,Matt Gaetz (FL-1),Matt Gaetz ,FL-1),"38,200","27,800","47,400","49,000","70,300","65,600","298,300",50%
Florida,Neal P. Dunn (FL-2),Neal P. Dunn ,FL-2),"34,400","29,900","43,500","48,900","65,700","64,900","287,400",51%
Florida,Ted S. Yoho (FL-3),Ted S. Yoho ,FL-3),"35,000","31,700","42,300","45,900","62,600","62,700","280,300",50%
Florida,John H. Rutherford (FL-4),John H. Rutherford ,FL-4),"39,700","25,000","47,000","53,500","71,600","66,300","303,100",50%
Florida,"Al Lawson, Jr. (FL-5)","Al Lawson, Jr. ",FL-5),"37,500","35,800","49,100","50,200","65,100","60,700","298,500",49%
Florida,Ron DeSantis (FL-6),Ron DeSantis ,FL-6),"32,100","20,400","34,700","44,500","67,800","73,600","273,000",53%
Florida,Stephanie N. Murphy (FL-7),Stephanie N. Murphy ,FL-7),"39,200","29,900","50,600","57,100","72,900","60,500","310,200",50%
Florida,Bill Posey (FL-8),Bill Posey ,FL-8),"32,300","19,100","34,600","42,300","71,800","73,500","273,700",53%
Florida,Darren Soto (FL-9),Darren Soto ,FL-9),"43,300","26,300","48,700","57,200","68,600","59,400","303,500",49%
Florida,Val Butler Demings (FL-10),Val Butler Demings ,FL-10),"41,200","34,100","57,000","60,200","70,500","55,600","318,600",49%
Florida,Daniel Webster (FL-11),Daniel Webster ,FL-11),"29,100","15,400","29,500","39,700","59,400","74,100","247,300",54%
Florida,Gus M. Bilirakis (FL-12),Gus M. Bilirakis ,FL-12),"33,800","17,900","36,900","49,400","70,200","68,900","277,000",52%
Florida,Charlie Crist (FL-13),Charlie Crist ,FL-13),"29,200","19,500","37,700","45,700","73,100","75,400","280,500",54%
Florida,Kathy Castor (FL-14),Kathy Castor ,FL-14),"41,400","26,700","51,100","58,200","71,200","60,100","308,800",50%
Florida,Dennis A. Ross (FL-15),Dennis A. Ross ,FL-15),"40,200","24,000","45,600","53,600","67,400","61,800","292,600",50%
Florida,Vern Buchanan (FL-16),Vern Buchanan ,FL-16),"33,900","19,400","36,900","46,200","66,400","71,500","274,300",52%
Florida,Thomas J. Rooney (FL-17),Thomas J. Rooney ,FL-17),"30,500","17,500","32,200","40,900","60,400","71,700","253,100",53%
Florida,Brian J. Mast (FL-18),Brian J. Mast ,FL-18),"34,500","19,300","36,500","46,900","68,100","67,000","272,400",52%
Florida,Francis Rooney (FL-19),Francis Rooney ,FL-19),"33,600","18,500","36,900","45,600","64,000","71,600","270,200",52%
Florida,Alcee L. Hastings (FL-20),Alcee L. Hastings ,FL-20),"37,200","21,500","43,800","54,600","74,000","63,900","294,900",51%
Florida,Lois Frankel (FL-21),Lois Frankel ,FL-21),"34,700","19,500","39,400","49,500","69,100","63,800","276,000",52%
Florida,Theodore E. Deutch (FL-22),Theodore E. Deutch ,FL-22),"37,700","22,000","44,800","55,700","75,000","63,900","299,200",51%
Florida,Debbie Wasserman Schultz (FL-23),Debbie Wasserman Schultz ,FL-23),"38,300","22,900","46,300","57,400","76,200","63,400","304,400",51%
Florida,Frederica S. Wilson (FL-24),Frederica S. Wilson ,FL-24),"37,200","25,700","48,200","60,200","75,600","59,500","306,400",51%
Florida,Mario Diaz-Balart (FL-25),Mario Diaz-Balart ,FL-25),"36,600","23,900","45,000","56,000","71,500","60,400","293,400",51%
Florida,Carlos Curbelo (FL-26),Carlos Curbelo ,FL-26),"36,000","25,200","47,700","59,800","76,000","62,000","306,600",51%
Florida,Ileana Ros-Lehtinen (FL-27),Ileana Ros-Lehtinen ,FL-27),"37,100","26,100","48,500","60,600","75,500","58,900","306,700",51%
Georgia,"Earl L. ""Buddy"" Carter (GA-1)","Earl L. ""Buddy"" Carter ",GA-1),"40,900","28,600","49,000","51,100","63,400","64,600","297,600",49%
Georgia,"Sanford D. Bishop, Jr. (GA-2)","Sanford D. Bishop, Jr. ",GA-2),"39,300","27,800","41,500","47,700","59,500","62,000","277,800",49%
Georgia,"A. Drew Ferguson, IV (GA-3)","A. Drew Ferguson, IV ",GA-3),"41,200","26,900","38,500","56,300","71,000","65,500","299,400",50%
Georgia,"Henry C. ""Hank"" Johnson, Jr. (GA-4)","Henry C. ""Hank"" Johnson, Jr. ",GA-4),"46,100","25,600","48,000","59,500","77,300","73,000","329,400",50%
Georgia,John Lewis (GA-5),John Lewis ,GA-5),"34,700","34,300","66,300","62,900","62,200","54,600","315,000",50%
Georgia,vacant (GA-6),vacant ,GA-6),"45,500","18,500","44,100","65,500","82,800","71,600","328,000",51%
Georgia,Rob Woodall (GA-7),Rob Woodall ,GA-7),"54,100","25,700","47,400","73,100","87,500","67,300","355,000",49%
Georgia,Austin Scott (GA-8),Austin Scott ,GA-8),"40,600","27,200","40,900","51,200","64,100","60,600","284,600",49%
Georgia,Doug Collins (GA-9),Doug Collins ,GA-9),"39,500","23,200","36,700","52,100","70,400","70,200","292,100",51%
Georgia,Jody B. Hice (GA-10),Jody B. Hice ,GA-10),"40,700","34,600","38,900","52,000","71,300","65,100","302,600",50%
Georgia,Barry Loudermilk (GA-11),Barry Loudermilk ,GA-11),"42,700","26,700","47,700","62,100","79,900","69,100","328,200",51%
Georgia,Rick W. Allen (GA-12),Rick W. Allen ,GA-12),"41,300","30,200","45,700","52,000","62,500","61,700","293,200",49%
Georgia,David Scott (GA-13),David Scott ,GA-13),"48,500","25,000","45,500","62,700","79,800","65,800","327,400",50%
Georgia,Tom Graves (GA-14),Tom Graves ,GA-14),"41,600","24,400","39,700","52,600","69,700","57,700","285,700",50%
Hawaii,Colleen Hanabusa (HI-1),Colleen Hanabusa ,HI-1),"33,500","24,100","51,200","53,000","66,600","66,700","295,200",51%
Hawaii,Tulsi Gabbard (HI-2),Tulsi Gabbard ,HI-2),"41,100","25,400","47,100","50,200","60,000","74,300","298,100",50%
Idaho,Raúl R. Labrador (ID-1),Raúl R. Labrador ,ID-1),"51,000","27,500","46,400","60,300","76,000","83,200","344,400",50%
Idaho,Michael K. Simpson (ID-2),Michael K. Simpson ,ID-2),"52,300","30,200","52,400","56,900","65,600","71,400","328,800",48%
Illinois,Bobby L. Rush (IL-1),Bobby L. Rush ,IL-1),"40,300","27,100","40,600","48,700","67,600","76,400","300,700",51%
Illinois,Robin L. Kelly (IL-2),Robin L. Kelly ,IL-2),"40,000","25,100","39,600","49,300","70,400","69,600","294,100",51%
Illinois,Daniel Lipinski (IL-3),Daniel Lipinski ,IL-3),"43,500","24,700","42,600","55,500","73,200","72,200","311,600",50%
Illinois,Luis V. Gutiérrez (IL-4),Luis V. Gutiérrez ,IL-4),"43,900","27,100","58,900","61,900","62,600","50,500","304,900",48%
Illinois,Mike Quigley (IL-5),Mike Quigley ,IL-5),"34,000","22,000","74,700","65,300","65,200","60,200","321,400",51%
Illinois,Peter J. Roskam (IL-6),Peter J. Roskam ,IL-6),"41,100","22,400","36,900","52,600","81,900","87,400","322,200",52%
Illinois,Danny K. Davis (IL-7),Danny K. Davis ,IL-7),"34,400","30,200","64,400","56,500","61,900","60,500","307,900",50%
Illinois,Raja Krishnamoorthi (IL-8),Raja Krishnamoorthi ,IL-8),"39,600","22,400","47,100","58,300","75,400","69,900","312,800",51%
Illinois,Janice D. Schakowsky (IL-9),Janice D. Schakowsky ,IL-9),"34,800","21,000","49,400","55,000","73,000","80,700","313,800",53%
Illinois,Bradley Scott Schneider (IL-10),Bradley Scott Schneider ,IL-10),"42,900","25,000","38,900","53,900","74,900","72,400","308,200",51%
Illinois,Bill Foster (IL-11),Bill Foster ,IL-11),"46,500","25,500","44,700","61,800","74,300","61,800","314,600",49%
Illinois,Mike Bost (IL-12),Mike Bost ,IL-12),"37,100","23,300","41,900","48,900","69,200","70,700","291,100",51%
Illinois,Rodney Davis (IL-13),Rodney Davis ,IL-13),"33,800","39,800","39,300","48,000","60,000","69,800","290,800",50%
Illinois,Randy Hultgren (IL-14),Randy Hultgren ,IL-14),"44,500","23,400","34,600","59,500","86,700","75,000","323,600",51%
Illinois,John Shimkus (IL-15),John Shimkus ,IL-15),"37,700","23,600","39,100","47,600","64,000","72,400","284,400",51%
Illinois,Adam Kinzinger (IL-16),Adam Kinzinger ,IL-16),"38,100","23,900","36,900","47,900","71,200","75,200","293,300",52%
Illinois,Cheri Bustos (IL-17),Cheri Bustos ,IL-17),"36,400","24,100","37,400","47,100","62,600","72,200","279,800",51%
Illinois,Darin LaHood (IL-18),Darin LaHood ,IL-18),"38,700","23,400","39,300","49,800","69,600","75,800","296,600",51%
Indiana,Peter J. Visclosky (IN-1),Peter J. Visclosky ,IN-1),"40,500","24,300","39,800","52,600","68,600","73,800","299,700",51%
Indiana,Jackie Walorski (IN-2),Jackie Walorski ,IN-2),"43,100","25,900","40,000","50,700","65,400","71,800","296,800",50%
Indiana,Jim Banks (IN-3),Jim Banks ,IN-3),"45,400","25,100","41,100","51,500","67,800","71,600","302,400",50%
Indiana,Todd Rokita (IN-4),Todd Rokita ,IN-4),"41,200","35,300","41,300","51,900","68,000","72,900","310,500",50%
Indiana,Susan W. Brooks (IN-5),Susan W. Brooks ,IN-5),"44,400","22,100","46,300","58,400","77,900","77,700","326,800",51%
Indiana,Luke Messer (IN-6),Luke Messer ,IN-6),"38,500","27,900","35,800","48,700","73,000","73,400","297,400",51%
Indiana,André Carson (IN-7),André Carson ,IN-7),"45,900","28,100","54,200","55,900","68,100","59,600","311,900",49%
Indiana,Larry Bucshon (IN-8),Larry Bucshon ,IN-8),"38,500","26,500","39,600","49,600","67,500","73,000","294,700",51%
Indiana,Trey Hollingsworth (IN-9),Trey Hollingsworth ,IN-9),"39,400","32,700","42,600","51,800","68,900","70,000","305,400",50%
Iowa,Rod Blum (IA-1),Rod Blum ,IA-1),"42,500","28,900","42,300","51,300","72,100","81,100","318,300",51%
Iowa,David Loebsack (IA-2),David Loebsack ,IA-2),"42,200","30,600","44,800","52,700","70,400","78,600","319,300",50%
Iowa,David Young (IA-3),David Young ,IA-3),"48,400","25,700","51,300","61,300","78,300","78,000","343,000",50%
Iowa,Steve King (IA-4),Steve King ,IA-4),"40,900","32,800","39,300","46,600","66,800","81,500","307,900",51%
Kansas,Roger W. Marshall (KS-1),Roger W. Marshall ,KS-1),"41,100","32,500","43,400","44,700","60,000","68,000","289,700",49%
Kansas,Lynn Jenkins (KS-2),Lynn Jenkins ,KS-2),"39,600","31,600","39,500","45,800","62,900","69,700","289,000",50%
Kansas,Kevin Yoder (KS-3),Kevin Yoder ,KS-3),"46,800","23,100","47,400","59,600","73,500","73,200","323,500",50%
Kansas,vacant (KS-4),vacant ,KS-4),"44,900","24,400","44,300","49,200","63,400","71,900","298,100",49%
Kentucky,James Comer (KY-1),James Comer ,KY-1),"38,600","25,800","37,800","47,000","63,500","67,400","280,100",50%
Kentucky,Brett Guthrie (KY-2),Brett Guthrie ,KY-2),"41,600","27,600","41,100","54,000","71,600","68,700","304,500",50%
Kentucky,John A. Yarmuth (KY-3),John A. Yarmuth ,KY-3),"39,500","23,900","49,100","53,500","70,400","73,300","309,700",51%
Kentucky,Thomas Massie (KY-4),Thomas Massie ,KY-4),"43,200","22,700","42,700","57,500","74,900","72,500","313,400",51%
Kentucky,Harold Rogers (KY-5),Harold Rogers ,KY-5),"37,500","22,400","36,900","51,400","62,600","61,700","272,500",50%
Kentucky,Andy Barr (KY-6),Andy Barr ,KY-6),"40,000","33,000","45,600","56,600","71,500","68,600","315,300",50%
Louisiana,Steve Scalise (LA-1),Steve Scalise ,LA-1),"44,200","25,900","51,700","55,800","77,800","82,300","337,800",51%
Louisiana,Cedric L. Richmond (LA-2),Cedric L. Richmond ,LA-2),"43,400","28,900","56,700","57,800","70,300","73,900","331,000",50%
Louisiana,Clay Higgins (LA-3),Clay Higgins ,LA-3),"46,700","27,100","51,600","54,300","71,300","70,900","321,900",49%
Louisiana,Mike Johnson (LA-4),Mike Johnson ,LA-4),"44,500","27,000","47,000","53,500","63,500","68,300","303,900",49%
Louisiana,Ralph Lee Abraham (LA-5),Ralph Lee Abraham ,LA-5),"42,600","26,000","44,700","53,600","65,800","65,700","298,500",50%
Louisiana,Garret Graves (LA-6),Garret Graves ,LA-6),"45,100","32,700","50,800","56,400","71,000","72,000","328,100",50%
Maine,Chellie Pingree (ME-1),Chellie Pingree ,ME-1),"30,700","21,200","34,700","45,400","71,300","78,500","281,700",54%
Maine,Bruce Poliquin (ME-2),Bruce Poliquin ,ME-2),"30,500","20,000","33,700","41,100","66,200","75,100","266,500",53%
Maryland,Andy Harris (MD-1),Andy Harris ,MD-1),"37,300","25,200","36,100","47,600","79,400","81,000","306,500",52%
Maryland,C. A. Dutch Ruppersberger (MD-2),C. A. Dutch Ruppersberger ,MD-2),"42,200","26,600","52,300","56,600","76,600","73,300","327,700",51%
Maryland,John P. Sarbanes (MD-3),John P. Sarbanes ,MD-3),"38,700","24,900","58,600","59,400","67,100","73,100","321,900",51%
Maryland,Anthony G. Brown (MD-4),Anthony G. Brown ,MD-4),"41,400","23,400","51,600","57,700","80,300","71,300","325,700",51%
Maryland,Steny H. Hoyer (MD-5),Steny H. Hoyer ,MD-5),"40,700","30,600","44,000","56,800","86,500","81,500","340,100",52%
Maryland,John K. Delaney (MD-6),John K. Delaney ,MD-6),"43,300","24,800","43,600","58,400","83,600","75,800","329,600",51%
Maryland,Elijah E. Cummings (MD-7),Elijah E. Cummings ,MD-7),"36,300","25,600","48,200","49,600","71,000","71,300","302,100",51%
Maryland,Jamie Raskin (MD-8),Jamie Raskin ,MD-8),"40,700","23,300","44,600","60,200","83,100","80,500","332,400",52%
Massachusetts,Richard E. Neal (MA-1),Richard E. Neal ,MA-1),"36,600","29,000","39,900","48,700","73,300","78,600","306,100",52%
Massachusetts,James P. McGovern (MA-2),James P. McGovern ,MA-2),"35,700","34,000","42,300","51,900","78,600","77,200","319,600",52%
Massachusetts,Niki Tsongas (MA-3),Niki Tsongas ,MA-3),"41,500","25,900","42,400","55,700","84,000","78,700","328,000",52%
Massachusetts,"Joseph P. Kennedy, III (MA-4)","Joseph P. Kennedy, III ",MA-4),"41,000","25,500","38,000","54,200","83,400","79,700","321,900",52%
Massachusetts,Katherine M. Clark (MA-5),Katherine M. Clark ,MA-5),"36,500","25,400","52,300","61,400","80,500","77,300","333,400",52%
Massachusetts,Seth Moulton (MA-6),Seth Moulton ,MA-6),"38,300","25,400","40,300","52,900","82,900","85,100","324,900",53%
Massachusetts,Michael E. Capuano (MA-7),Michael E. Capuano ,MA-7),"31,300","46,100","82,300","57,700","60,600","57,100","335,000",49%
Massachusetts,Stephen F. Lynch (MA-8),Stephen F. Lynch ,MA-8),"36,900","22,700","57,000","55,800","80,400","77,000","329,800",52%
Massachusetts,William R. Keating (MA-9),William R. Keating ,MA-9),"33,800","23,600","32,900","47,100","79,500","87,300","304,300",54%
Michigan,Jack Bergman (MI-1),Jack Bergman ,MI-1),"31,500","22,800","32,600","41,500","66,300","84,200","278,900",53%
Michigan,Bill Huizenga (MI-2),Bill Huizenga ,MI-2),"42,400","28,800","42,100","47,900","68,200","67,700","297,200",50%
Michigan,Justin Amash (MI-3),Justin Amash ,MI-3),"42,500","24,800","45,200","51,000","68,800","72,200","304,600",50%
Michigan,John R. Moolenaar (MI-4),John R. Moolenaar ,MI-4),"34,800","29,300","35,400","42,500","67,500","74,100","283,700",51%
Michigan,Daniel T. Kildee (MI-5),Daniel T. Kildee ,MI-5),"36,500","21,800","36,400","46,100","64,500","70,400","275,700",51%
Michigan,Fred Upton (MI-6),Fred Upton ,MI-6),"39,100","29,100","38,900","46,700","66,500","72,300","292,600",50%
Michigan,Tim Walberg (MI-7),Tim Walberg ,MI-7),"36,500","22,500","35,200","47,600","71,800","78,300","291,900",52%
Michigan,Mike Bishop (MI-8),Mike Bishop ,MI-8),"37,700","34,300","37,800","50,000","76,700","77,000","313,600",51%
Michigan,Sander M. Levin (MI-9),Sander M. Levin ,MI-9),"34,500","21,300","46,600","50,100","74,500","75,900","302,900",52%
Michigan,Paul Mitchell (MI-10),Paul Mitchell ,MI-10),"38,800","21,100","34,300","50,800","77,100","78,400","300,500",52%
Michigan,David A. Trott (MI-11),David A. Trott ,MI-11),"38,700","20,400","39,900","52,700","86,000","81,000","318,600",53%
Michigan,Debbie Dingell (MI-12),Debbie Dingell ,MI-12),"35,900","35,700","44,200","49,400","64,500","66,100","295,700",50%
Michigan,"John Conyers, Jr. (MI-13)","John Conyers, Jr. ",MI-13),"39,600","25,800","41,600","45,100","60,200","60,200","272,400",49%
Michigan,Brenda L. Lawrence (MI-14),Brenda L. Lawrence ,MI-14),"39,300","24,500","41,300","48,700","62,000","66,200","281,900",50%
Minnesota,Timothy J. Walz (MN-1),Timothy J. Walz ,MN-1),"36,600","26,800","36,500","43,800","62,000","70,600","276,300",51%
Minnesota,Jason Lewis (MN-2),Jason Lewis ,MN-2),"41,800","22,100","39,500","54,000","75,100","71,600","304,100",51%
Minnesota,Erik Paulsen (MN-3),Erik Paulsen ,MN-3),"39,600","18,500","41,600","50,600","76,500","83,400","310,200",52%
Minnesota,Betty McCollum (MN-4),Betty McCollum ,MN-4),"40,300","25,000","49,500","48,800","66,100","68,800","298,500",50%
Minnesota,Keith Ellison (MN-5),Keith Ellison ,MN-5),"35,900","27,700","65,000","56,700","61,200","58,700","305,100",50%
Minnesota,Tom Emmer (MN-6),Tom Emmer ,MN-6),"42,400","23,100","38,900","53,600","75,600","66,800","300,500",50%
Minnesota,Collin C. Peterson (MN-7),Collin C. Peterson ,MN-7),"36,900","22,100","33,600","40,800","59,600","72,700","265,600",51%
Minnesota,Richard M. Nolan (MN-8),Richard M. Nolan ,MN-8),"33,600","21,100","33,700","41,600","64,600","75,900","270,600",52%
Mississippi,Trent Kelly (MS-1),Trent Kelly ,MS-1),"43,600","29,600","39,400","55,500","68,400","62,900","299,400",49%
Mississippi,Bennie G. Thompson (MS-2),Bennie G. Thompson ,MS-2),"44,500","27,500","42,800","52,800","56,200","63,000","286,800",48%
Mississippi,Gregg Harper (MS-3),Gregg Harper ,MS-3),"42,000","28,700","42,900","55,800","63,900","69,200","302,300",50%
Mississippi,Steven M. Palazzo (MS-4),Steven M. Palazzo ,MS-4),"43,700","28,600","43,700","55,100","69,200","67,100","307,400",50%
Missouri,Wm. Lacy Clay (MO-1),Wm. Lacy Clay ,MO-1),"38,900","28,600","55,600","53,900","62,800","67,100","306,800",50%
Missouri,Ann Wagner (MO-2),Ann Wagner ,MO-2),"40,100","20,900","41,600","52,300","81,900","91,900","328,700",53%
Missouri,Blaine Luetkemeyer (MO-3),Blaine Luetkemeyer ,MO-3),"43,800","25,800","42,800","54,200","77,900","78,800","323,200",51%
Missouri,Vicky Hartzler (MO-4),Vicky Hartzler ,MO-4),"40,800","36,200","44,300","49,600","66,900","69,800","307,600",50%
Missouri,Emanuel Cleaver (MO-5),Emanuel Cleaver ,MO-5),"41,200","25,000","51,700","53,700","68,200","73,400","313,200",50%
Missouri,Sam Graves (MO-6),Sam Graves ,MO-6),"43,900","26,700","42,400","54,300","75,000","75,100","317,400",50%
Missouri,Billy Long (MO-7),Billy Long ,MO-7),"42,200","30,800","44,000","51,600","66,300","72,000","307,000",50%
Missouri,Jason Smith (MO-8),Jason Smith ,MO-8),"41,300","24,000","38,400","47,800","69,200","71,300","291,900",50%
Montana,vacant (MT-AL),vacant ,MT-AL),"54,000","36,700","58,600","68,300","92,000","116,400","425,900",51%
Nebraska,Jeff Fortenberry (NE-1),Jeff Fortenberry ,NE-1),"37,100","28,900","37,800","42,800","54,800","61,800","263,200",49%
Nebraska,Don Bacon (NE-2),Don Bacon ,NE-2),"41,200","21,200","46,200","52,700","58,300","58,300","277,900",49%
Nebraska,Adrian Smith (NE-3),Adrian Smith ,NE-3),"34,100","21,200","30,500","39,100","52,300","65,500","242,700",51%
Nevada,Dina Titus (NV-1),Dina Titus ,NV-1),"38,100","26,300","46,800","56,100","71,900","63,300","302,500",51%
Nevada,Mark E. Amodei (NV-2),Mark E. Amodei ,NV-2),"37,000","22,900","42,100","48,700","69,200","74,400","294,300",52%
Nevada,Jacky Rosen (NV-3),Jacky Rosen ,NV-3),"39,600","20,700","52,500","67,400","73,100","70,200","323,500",51%
Nevada,Ruben Kihuen (NV-4),Ruben Kihuen ,NV-4),"44,100","23,100","46,400","51,800","67,900","61,600","295,000",49%
New Hampshire,Carol Shea-Porter (NH-1),Carol Shea-Porter ,NH-1),"31,500","25,600","35,200","44,900","75,500","76,300","288,900",53%
New Hampshire,Ann M. Kuster (NH-2),Ann M. Kuster ,NH-2),"31,100","22,100","34,800","44,600","71,500","79,200","283,300",53%
New Jersey,Donald Norcross (NJ-1),Donald Norcross ,NJ-1),"40,200","24,200","45,000","54,400","75,800","73,200","312,900",51%
New Jersey,Frank A. LoBiondo (NJ-2),Frank A. LoBiondo ,NJ-2),"36,500","22,100","38,900","49,700","73,300","78,700","299,200",52%
New Jersey,Thomas MacArthur (NJ-3),Thomas MacArthur ,NJ-3),"36,000","22,400","38,200","49,000","80,400","81,100","307,100",53%
New Jersey,Christopher H. Smith (NJ-4),Christopher H. Smith ,NJ-4),"43,100","21,900","36,000","48,300","75,200","79,300","303,900",51%
New Jersey,Josh Gottheimer (NJ-5),Josh Gottheimer ,NJ-5),"39,700","22,800","34,800","54,600","87,800","83,500","323,200",53%
New Jersey,"Frank Pallone, Jr. (NJ-6)","Frank Pallone, Jr. ",NJ-6),"39,500","29,900","49,500","58,000","81,000","70,100","328,100",51%
New Jersey,Leonard Lance (NJ-7),Leonard Lance ,NJ-7),"40,900","21,400","33,300","54,100","95,600","86,500","331,800",53%
New Jersey,Albio Sires (NJ-8),Albio Sires ,NJ-8),"40,100","24,600","70,000","69,900","74,400","60,600","339,700",50%
New Jersey,"Bill Pascrell, Jr. (NJ-9)","Bill Pascrell, Jr. ",NJ-9),"40,400","26,300","46,900","61,500","76,500","75,300","327,000",51%
New Jersey,"Donald M. Payne, Jr. (NJ-10)","Donald M. Payne, Jr. ",NJ-10),"41,600","28,800","53,200","63,200","75,500","67,100","329,400",50%
New Jersey,Rodney P. Frelinghuysen (NJ-11),Rodney P. Frelinghuysen ,NJ-11),"38,600","22,000","35,600","52,900","87,900","82,600","319,600",53%
New Jersey,Bonnie Watson Coleman (NJ-12),Bonnie Watson Coleman ,NJ-12),"40,200","24,700","41,100","61,600","80,100","76,400","324,100",52%
New Mexico,Michelle Lujan Grisham (NM-1),Michelle Lujan Grisham ,NM-1),"35,400","24,800","45,200","48,600","63,500","70,500","288,100",51%
New Mexico,Stevan Pearce (NM-2),Stevan Pearce ,NM-2),"43,100","28,500","38,800","46,500","55,400","63,000","275,300",48%
New Mexico,Ben Ray Luján (NM-3),Ben Ray Luján ,NM-3),"40,400","23,200","38,800","46,100","62,200","69,500","280,100",50%
New York,Lee M. Zeldin (NY-1),Lee M. Zeldin ,NY-1),"36,700","25,900","34,200","52,600","83,600","77,100","310,000",53%
New York,Peter T. King (NY-2),Peter T. King ,NY-2),"36,700","26,300","43,000","50,100","84,500","74,100","314,600",52%
New York,Thomas R. Suozzi (NY-3),Thomas R. Suozzi ,NY-3),"37,200","20,200","32,400","48,600","83,200","85,500","307,100",53%
New York,Kathleen M. Rice (NY-4),Kathleen M. Rice ,NY-4),"39,100","24,100","40,300","53,500","74,300","77,000","308,200",52%
New York,Gregory W. Meeks (NY-5),Gregory W. Meeks ,NY-5),"41,700","28,900","54,100","56,100","81,200","80,100","342,100",51%
New York,Grace Meng (NY-6),Grace Meng ,NY-6),"34,800","20,000","51,300","62,800","78,600","77,200","324,700",53%
New York,Nydia M. Velázquez (NY-7),Nydia M. Velázquez ,NY-7),"43,300","27,000","66,300","66,800","62,800","53,300","319,500",49%
New York,Hakeem S. Jeffries (NY-8),Hakeem S. Jeffries ,NY-8),"40,500","27,700","59,900","56,500","72,700","72,000","329,300",50%
New York,Yvette D. Clarke (NY-9),Yvette D. Clarke ,NY-9),"40,600","24,600","58,700","61,400","72,800","68,400","326,500",51%
New York,Jerrold Nadler (NY-10),Jerrold Nadler ,NY-10),"33,000","23,600","67,400","61,900","62,800","64,200","312,800",51%
New York,"Daniel M. Donovan, Jr. (NY-11)","Daniel M. Donovan, Jr. ",NY-11),"37,100","21,500","49,100","54,400","72,000","73,800","308,000",52%
New York,Carolyn B. Maloney (NY-12),Carolyn B. Maloney ,NY-12),"20,900","23,600","87,000","69,800","66,200","59,800","327,300",53%
New York,Adriano Espaillat (NY-13),Adriano Espaillat ,NY-13),"39,500","28,700","75,200","59,600","73,300","66,300","342,600",50%
New York,Joseph Crowley (NY-14),Joseph Crowley ,NY-14),"35,400","24,400","56,200","65,900","70,800","62,400","315,100",51%
New York,José E. Serrano (NY-15),José E. Serrano ,NY-15),"50,900","33,600","56,800","52,900","69,500","51,500","315,200",47%
New York,Eliot L. Engel (NY-16),Eliot L. Engel ,NY-16),"40,800","25,600","39,600","58,600","77,700","70,200","312,500",51%
New York,Nita M. Lowey (NY-17),Nita M. Lowey ,NY-17),"43,100","24,800","39,700","51,400","77,500","78,200","314,800",51%
New York,Sean Patrick Maloney (NY-18),Sean Patrick Maloney ,NY-18),"40,400","27,600","35,200","49,600","80,300","72,500","305,600",51%
New York,John J. Faso (NY-19),John J. Faso ,NY-19),"32,400","26,100","33,800","44,600","75,300","81,700","294,000",53%
New York,Paul Tonko (NY-20),Paul Tonko ,NY-20),"34,500","32,100","43,800","49,800","69,800","74,800","304,700",51%
New York,Elise M. Stefanik (NY-21),Elise M. Stefanik ,NY-21),"35,400","27,200","39,200","47,400","72,600","73,500","295,300",52%
New York,Claudia Tenney (NY-22),Claudia Tenney ,NY-22),"35,000","30,200","36,800","42,900","70,100","74,100","289,000",51%
New York,Tom Reed (NY-23),Tom Reed ,NY-23),"34,200","33,200","37,200","42,400","66,900","75,700","289,400",51%
New York,John Katko (NY-24),John Katko ,NY-24),"36,200","27,200","41,000","45,200","71,200","75,800","296,600",52%
New York,Louise McIntosh Slaughter (NY-25),Louise McIntosh Slaughter ,NY-25),"36,400","27,900","45,700","47,000","69,300","73,300","299,500",51%
New York,Brian Higgins (NY-26),Brian Higgins ,NY-26),"36,300","28,200","48,800","42,500","61,800","71,200","288,700",50%
New York,Chris Collins (NY-27),Chris Collins ,NY-27),"33,800","22,700","35,100","47,700","81,600","84,800","305,600",54%
North Carolina,G. K. Butterfield (NC-1),G. K. Butterfield ,NC-1),"39,200","28,900","46,400","52,800","66,400","63,700","297,500",50%
North Carolina,George Holding (NC-2),George Holding ,NC-2),"47,000","24,400","47,800","64,100","73,300","58,500","315,100",49%
North Carolina,Walter B. Jones (NC-3),Walter B. Jones ,NC-3),"39,800","45,300","45,900","47,300","60,900","59,900","299,000",48%
North Carolina,David E. Price (NC-4),David E. Price ,NC-4),"45,700","27,600","51,900","66,400","74,300","56,300","322,100",49%
North Carolina,Virginia Foxx (NC-5),Virginia Foxx ,NC-5),"38,800","27,800","38,800","52,300","69,500","64,200","291,300",50%
North Carolina,Mark Walker (NC-6),Mark Walker ,NC-6),"40,400","24,000","39,200","54,300","71,200","64,900","293,900",50%
North Carolina,David Rouzer (NC-7),David Rouzer ,NC-7),"39,700","28,900","41,900","53,900","67,500","67,900","299,700",50%
North Carolina,Richard Hudson (NC-8),Richard Hudson ,NC-8),"45,000","29,300","46,700","55,300","66,800","57,400","300,500",49%
North Carolina,Robert Pittenger (NC-9),Robert Pittenger ,NC-9),"47,000","26,900","45,100","60,100","70,600","56,800","306,400",49%
North Carolina,Patrick T. McHenry (NC-10),Patrick T. McHenry ,NC-10),"39,200","23,900","38,500","54,800","71,900","66,500","294,800",51%
North Carolina,Mark Meadows (NC-11),Mark Meadows ,NC-11),"34,600","21,300","36,200","50,100","67,700","70,600","280,500",52%
North Carolina,Alma S. Adams (NC-12),Alma S. Adams ,NC-12),"46,500","28,700","59,500","68,200","71,600","54,400","328,900",49%
North Carolina,Ted Budd (NC-13),Ted Budd ,NC-13),"41,500","25,300","41,400","56,000","73,200","62,200","299,700",50%
North Dakota,Kevin Cramer (ND-AL),Kevin Cramer ,ND-AL),"40,800","34,500","52,000","50,500","64,400","73,700","316,000",50%
Ohio,Steve Chabot (OH-1),Steve Chabot ,OH-1),"41,400","25,500","42,400","51,600","74,100","71,400","306,400",51%
Ohio,Brad R. Wenstrup (OH-2),Brad R. Wenstrup ,OH-2),"39,700","21,000","45,300","51,300","68,500","75,100","300,800",51%
Ohio,Joyce Beatty (OH-3),Joyce Beatty ,OH-3),"44,700","32,600","63,300","56,700","64,600","62,400","324,400",49%
Ohio,Jim Jordan (OH-4),Jim Jordan ,OH-4),"38,800","23,500","38,100","48,400","68,600","80,300","297,600",52%
Ohio,Robert E. Latta (OH-5),Robert E. Latta ,OH-5),"39,800","26,800","39,300","49,100","66,700","76,000","297,800",51%
Ohio,Bill Johnson (OH-6),Bill Johnson ,OH-6),"34,500","21,000","34,600","48,000","67,700","79,200","284,900",53%
Ohio,Bob Gibbs (OH-7),Bob Gibbs ,OH-7),"42,400","23,200","38,000","51,200","69,600","80,200","304,700",51%
Ohio,Warren Davidson (OH-8),Warren Davidson ,OH-8),"41,300","27,100","37,700","50,200","71,800","74,400","302,700",51%
Ohio,Marcy Kaptur (OH-9),Marcy Kaptur ,OH-9),"37,500","26,400","44,000","49,200","68,600","73,800","299,500",51%
Ohio,Michael R. Turner (OH-10),Michael R. Turner ,OH-10),"38,000","26,700","42,800","46,300","67,400","72,600","293,600",51%
Ohio,Marcia L. Fudge (OH-11),Marcia L. Fudge ,OH-11),"37,700","26,600","43,200","46,900","61,900","73,500","289,700",51%
Ohio,Patrick J. Tiberi (OH-12),Patrick J. Tiberi ,OH-12),"43,200","25,300","45,700","62,700","77,500","73,900","328,300",51%
Ohio,Tim Ryan (OH-13),Tim Ryan ,OH-13),"34,200","26,700","43,200","45,400","63,300","74,700","287,500",51%
Ohio,David P. Joyce (OH-14),David P. Joyce ,OH-14),"37,300","20,500","33,800","44,400","81,400","86,300","303,700",53%
Ohio,Steve Stivers (OH-15),Steve Stivers ,OH-15),"39,800","25,200","47,900","54,300","75,600","74,800","317,500",51%
Ohio,James B. Renacci (OH-16),James B. Renacci ,OH-16),"36,000","20,500","35,000","47,300","74,500","78,300","291,600",53%
Oklahoma,Jim Bridenstine (OK-1),Jim Bridenstine ,OK-1),"46,200","26,100","50,600","57,900","71,900","75,900","328,600",50%
Oklahoma,Markwayne Mullin (OK-2),Markwayne Mullin ,OK-2),"42,700","25,100","39,600","49,500","65,600","68,700","291,200",50%
Oklahoma,Frank D. Lucas (OK-3),Frank D. Lucas ,OK-3),"45,400","31,300","46,100","52,200","66,900","72,700","314,600",49%
Oklahoma,Tom Cole (OK-4),Tom Cole ,OK-4),"42,100","33,500","49,400","56,500","67,000","68,900","317,400",50%
Oklahoma,Steve Russell (OK-5),Steve Russell ,OK-5),"49,400","28,000","56,900","59,000","67,600","71,500","332,300",49%
Oregon,Suzanne Bonamici (OR-1),Suzanne Bonamici ,OR-1),"45,000","24,700","56,100","67,700","80,000","79,900","353,300",51%
Oregon,Greg Walden (OR-2),Greg Walden ,OR-2),"41,900","23,800","42,500","53,100","71,800","87,800","321,000",52%
Oregon,Earl Blumenauer (OR-3),Earl Blumenauer ,OR-3),"38,800","24,900","64,300","75,000","77,800","76,700","357,500",52%
Oregon,Peter A. DeFazio (OR-4),Peter A. DeFazio ,OR-4),"35,600","32,900","42,600","50,800","64,700","85,400","312,000",52%
Oregon,Kurt Schrader (OR-5),Kurt Schrader ,OR-5),"45,300","27,300","46,000","57,700","76,200","84,800","337,300",51%
Pennsylvania,Robert A. Brady (PA-1),Robert A. Brady ,PA-1),"40,700","25,000","61,100","56,000","62,900","60,700","306,300",49%
Pennsylvania,Dwight Evans (PA-2),Dwight Evans ,PA-2),"33,900","35,200","59,500","44,400","58,700","64,700","296,400",50%
Pennsylvania,Mike Kelly (PA-3),Mike Kelly ,PA-3),"35,100","23,600","35,800","45,600","70,900","76,300","287,400",52%
Pennsylvania,Scott Perry (PA-4),Scott Perry ,PA-4),"38,000","24,100","40,100","49,900","77,100","76,300","305,500",52%
Pennsylvania,Glenn Thompson (PA-5),Glenn Thompson ,PA-5),"30,500","34,400","38,200","43,600","64,700","75,100","286,500",52%
Pennsylvania,Ryan A. Costello (PA-6),Ryan A. Costello ,PA-6),"37,800","23,000","37,600","51,900","81,500","78,600","310,400",52%
Pennsylvania,Patrick Meehan (PA-7),Patrick Meehan ,PA-7),"36,600","22,600","35,900","47,500","75,800","82,200","300,600",53%
Pennsylvania,Brian K. Fitzpatrick (PA-8),Brian K. Fitzpatrick ,PA-8),"36,200","20,900","34,400","49,100","81,500","84,400","306,500",53%
Pennsylvania,Bill Shuster (PA-9),Bill Shuster ,PA-9),"33,600","24,000","35,300","45,100","67,300","75,400","280,700",52%
Pennsylvania,Tom Marino (PA-10),Tom Marino ,PA-10),"34,400","23,700","36,200","44,100","73,700","79,900","292,000",53%
Pennsylvania,Lou Barletta (PA-11),Lou Barletta ,PA-11),"33,900","24,400","37,500","49,200","70,500","76,600","292,100",52%
Pennsylvania,Keith J. Rothfus (PA-12),Keith J. Rothfus ,PA-12),"33,600","18,100","36,300","45,700","72,900","86,100","292,700",54%
Pennsylvania,Brendan F. Boyle (PA-13),Brendan F. Boyle ,PA-13),"40,900","22,800","49,400","52,600","66,400","71,700","303,800",50%
Pennsylvania,Michael F. Doyle (PA-14),Michael F. Doyle ,PA-14),"28,300","29,600","54,800","42,400","56,800","75,400","287,400",52%
Pennsylvania,Charles W. Dent (PA-15),Charles W. Dent ,PA-15),"38,800","26,000","40,200","49,600","73,400","75,100","303,300",51%
Pennsylvania,Lloyd Smucker (PA-16),Lloyd Smucker ,PA-16),"43,500","26,500","42,800","49,900","68,500","67,300","298,500",50%
Pennsylvania,Matt Cartwright (PA-17),Matt Cartwright ,PA-17),"32,700","23,000","36,800","46,400","70,100","71,700","280,700",52%
Pennsylvania,Tim Murphy (PA-18),Tim Murphy ,PA-18),"34,300","19,300","36,800","50,200","75,700","82,200","298,600",53%
Rhode Island,David N. Cicilline (RI-1),David N. Cicilline ,RI-1),"25,700","21,600","34,600","36,100","51,700","51,800","221,300",51%
Rhode Island,James R. Langevin (RI-2),James R. Langevin ,RI-2),"25,100","20,000","30,000","35,100","54,100","58,300","222,600",52%
South Carolina,Mark Sanford (SC-1),Mark Sanford ,SC-1),"39,700","23,500","50,600","53,300","67,400","72,500","307,000",51%
South Carolina,Joe Wilson (SC-2),Joe Wilson ,SC-2),"38,500","26,900","40,500","52,200","67,700","68,500","294,300",51%
South Carolina,Jeff Duncan (SC-3),Jeff Duncan ,SC-3),"35,100","26,400","34,200","46,100","65,800","64,600","272,200",51%
South Carolina,Trey Gowdy (SC-4),Trey Gowdy ,SC-4),"39,900","25,000","42,400","51,300","69,600","63,400","291,700",50%
South Carolina,vacant (SC-5),vacant ,SC-5),"37,800","23,600","37,200","49,600","69,200","66,000","283,500",51%
South Carolina,James E. Clyburn (SC-6),James E. Clyburn ,SC-6),"34,000","32,000","43,600","41,700","58,000","61,500","270,900",50%
South Carolina,Tom Rice (SC-7),Tom Rice ,SC-7),"34,700","21,200","37,900","48,400","63,900","71,800","278,000",52%
South Dakota,Kristi L. Noem (SD-AL),Kristi L. Noem ,SD-AL),"50,000","31,100","51,000","57,100","75,900","87,400","352,500",50%
Tennessee,David P. Roe (TN-1),David P. Roe ,TN-1),"34,000","23,100","35,400","50,500","69,000","70,000","281,900",52%
Tennessee,"John J. Duncan, Jr. (TN-2)","John J. Duncan, Jr. ",TN-2),"36,600","28,700","40,800","51,000","70,300","71,900","299,300",51%
Tennessee,"Charles J. ""Chuck"" Fleischmann (TN-3)","Charles J. ""Chuck"" Fleischmann ",TN-3),"35,500","23,000","40,300","50,000","69,000","71,400","289,300",52%
Tennessee,Scott DesJarlais (TN-4),Scott DesJarlais ,TN-4),"42,200","29,300","42,400","57,600","72,900","70,300","314,800",50%
Tennessee,Jim Cooper (TN-5),Jim Cooper ,TN-5),"39,000","28,500","63,800","61,100","69,200","68,000","329,500",50%
Tennessee,Diane Black (TN-6),Diane Black ,TN-6),"40,500","23,700","38,900","52,300","74,400","74,200","304,000",51%
Tennessee,Marsha Blackburn (TN-7),Marsha Blackburn ,TN-7),"44,800","24,600","44,000","57,900","72,800","68,800","312,900",50%
Tennessee,David Kustoff (TN-8),David Kustoff ,TN-8),"39,800","23,600","36,100","49,800","70,100","70,700","290,000",51%
Tennessee,Steve Cohen (TN-9),Steve Cohen ,TN-9),"42,800","27,100","49,800","51,800","61,000","64,700","297,100",49%
Texas,Louie Gohmert (TX-1),Louie Gohmert ,TX-1),"42,300","26,800","40,600","49,100","61,900","67,100","287,900",49%
Texas,Ted Poe (TX-2),Ted Poe ,TX-2),"42,500","26,300","55,000","64,000","70,500","78,300","336,600",51%
Texas,Sam Johnson (TX-3),Sam Johnson ,TX-3),"52,300","24,800","47,600","78,500","94,400","70,900","368,400",50%
Texas,John Ratcliffe (TX-4),John Ratcliffe ,TX-4),"42,500","23,100","38,800","52,300","66,500","68,600","291,800",50%
Texas,Jeb Hensarling (TX-5),Jeb Hensarling ,TX-5),"45,400","25,700","45,200","56,800","70,800","64,300","308,100",49%
Texas,Joe Barton (TX-6),Joe Barton ,TX-6),"46,200","27,100","48,000","59,300","76,500","63,500","320,600",49%
Texas,John Abney Culberson (TX-7),John Abney Culberson ,TX-7),"49,100","21,200","59,500","69,700","73,800","66,400","339,600",49%
Texas,Kevin Brady (TX-8),Kevin Brady ,TX-8),"48,100","28,000","46,400","62,400","82,200","76,900","344,000",50%
Texas,Al Green (TX-9),Al Green ,TX-9),"49,100","31,200","61,300","64,800","66,700","62,000","335,100",48%
Texas,Michael T. McCaul (TX-10),Michael T. McCaul ,TX-10),"49,100","22,800","54,600","67,300","79,700","72,500","346,000",50%
Texas,K. Michael Conaway (TX-11),K. Michael Conaway ,TX-11),"45,700","29,100","49,300","48,200","66,200","69,400","308,000",49%
Texas,Kay Granger (TX-12),Kay Granger ,TX-12),"47,700","27,000","51,500","60,700","77,300","73,000","337,200",50%
Texas,Mac Thornberry (TX-13),Mac Thornberry ,TX-13),"42,300","26,800","42,600","50,500","63,200","66,100","291,500",49%
Texas,"Randy K. Weber, Sr. (TX-14)","Randy K. Weber, Sr. ",TX-14),"43,300","24,900","44,300","58,300","72,400","71,600","314,600",50%
Texas,Vicente Gonzalez (TX-15),Vicente Gonzalez ,TX-15),"57,100","30,600","48,100","57,800","60,300","53,000","306,900",46%
Texas,Beto O'Rourke (TX-16),Beto O'Rourke ,TX-16),"48,500","30,900","49,900","53,900","63,200","55,900","302,200",48%
Texas,Bill Flores (TX-17),Bill Flores ,TX-17),"41,500","43,300","50,500","52,900","64,600","61,100","313,900",48%
Texas,Sheila Jackson Lee (TX-18),Sheila Jackson Lee ,TX-18),"47,800","30,500","58,800","62,400","69,500","59,200","328,200",48%
Texas,Jodey C. Arrington (TX-19),Jodey C. Arrington ,TX-19),"43,600","37,700","45,900","48,000","57,000","60,000","292,300",48%
Texas,Joaquin Castro (TX-20),Joaquin Castro ,TX-20),"49,500","34,200","56,100","60,800","64,100","54,500","319,200",47%
Texas,Lamar Smith (TX-21),Lamar Smith ,TX-21),"36,500","29,600","55,500","57,400","72,000","77,700","328,700",51%
Texas,Pete Olson (TX-22),Pete Olson ,TX-22),"57,700","26,500","51,500","77,700","87,800","79,200","380,400",50%
Texas,Will Hurd (TX-23),Will Hurd ,TX-23),"50,700","29,100","46,000","55,900","62,500","58,300","302,500",47%
Texas,Kenny Marchant (TX-24),Kenny Marchant ,TX-24),"45,100","23,800","59,300","67,900","82,400","72,100","350,700",51%
Texas,Roger Williams (TX-25),Roger Williams ,TX-25),"43,500","28,400","45,300","63,000","74,100","71,900","326,100",50%
Texas,Michael C. Burgess (TX-26),Michael C. Burgess ,TX-26),"53,700","27,800","53,100","75,100","85,800","67,000","362,500",49%
Texas,Blake Farenthold (TX-27),Blake Farenthold ,TX-27),"44,400","27,000","43,900","52,400","61,300","68,800","297,900",49%
Texas,Henry Cuellar (TX-28),Henry Cuellar ,TX-28),"54,000","29,000","40,000","56,200","60,000","51,800","291,000",46%
Texas,Gene Green (TX-29),Gene Green ,TX-29),"57,100","30,600","55,200","58,700","65,200","53,000","319,800",46%
Texas,Eddie Bernice Johnson (TX-30),Eddie Bernice Johnson ,TX-30),"48,900","27,800","52,600","59,500","70,100","59,000","318,000",48%
Texas,John R. Carter (TX-31),John R. Carter ,TX-31),"51,800","27,800","54,300","69,600","74,000","62,900","340,300",49%
Texas,Pete Sessions (TX-32),Pete Sessions ,TX-32),"42,800","26,000","55,500","58,700","71,400","69,800","324,300",50%
Texas,Marc A. Veasey (TX-33),Marc A. Veasey ,TX-33),"55,900","28,700","51,800","59,500","62,800","50,800","309,600",46%
Texas,Filemon Vela (TX-34),Filemon Vela ,TX-34),"52,200","29,600","41,500","50,000","59,700","52,900","285,900",46%
Texas,Lloyd Doggett (TX-35),Lloyd Doggett ,TX-35),"50,800","34,900","69,400","63,900","67,400","54,400","340,700",47%
Texas,Brian Babin (TX-36),Brian Babin ,TX-36),"43,000","26,200","42,400","54,400","69,400","73,000","308,300",50%
Utah,Rob Bishop (UT-1),Rob Bishop ,UT-1),"55,300","30,600","48,900","57,600","54,600","56,000","302,900",46%
Utah,Chris Stewart (UT-2),Chris Stewart ,UT-2),"50,000","29,200","51,500","55,700","55,800","60,300","302,400",47%
Utah,Jason Chaffetz (UT-3),Jason Chaffetz ,UT-3),"56,000","40,600","45,100","52,600","53,900","49,800","298,000",45%
Utah,Mia B. Love (UT-4),Mia B. Love ,UT-4),"57,000","25,500","54,900","66,900","58,300","55,000","317,700",47%
Vermont,Peter Welch (VT-AL),Peter Welch ,VT-AL),"28,800","24,700","31,700","39,900","64,100","74,000","263,200",53%
Virginia,Robert J. Wittman (VA-1),Robert J. Wittman ,VA-1),"44,400","25,400","42,200","57,700","80,000","69,200","318,900",50%
Virginia,Scott Taylor (VA-2),Scott Taylor ,VA-2),"39,200","37,400","52,300","51,100","68,200","62,400","310,700",49%
Virginia,"Robert C. ""Bobby"" Scott (VA-3)","Robert C. ""Bobby"" Scott ",VA-3),"40,300","38,300","52,500","49,200","67,300","62,000","309,500",49%
Virginia,A. Donald McEachin (VA-4),A. Donald McEachin ,VA-4),"38,500","30,000","51,500","53,300","72,000","67,800","313,100",50%
Virginia,"Thomas A. Garrett, Jr. (VA-5)","Thomas A. Garrett, Jr. ",VA-5),"35,500","23,900","38,200","48,300","70,300","74,900","291,100",52%
Virginia,Bob Goodlatte (VA-6),Bob Goodlatte ,VA-6),"36,200","28,500","39,700","48,300","68,700","70,400","291,700",51%
Virginia,Dave Brat (VA-7),Dave Brat ,VA-7),"43,000","20,700","43,000","57,400","77,800","71,200","313,100",51%
Virginia,"Donald S. Beyer, Jr. (VA-8)","Donald S. Beyer, Jr. ",VA-8),"37,800","26,300","70,200","68,700","73,300","63,100","339,400",51%
Virginia,H. Morgan Griffith (VA-9),H. Morgan Griffith ,VA-9),"32,900","30,200","37,200","49,500","67,900","73,300","291,100",52%
Virginia,Barbara Comstock (VA-10),Barbara Comstock ,VA-10),"50,300","19,900","48,400","70,500","81,900","60,300","331,300",50%
Virginia,Gerald E. Connolly (VA-11),Gerald E. Connolly ,VA-11),"46,100","23,000","51,000","65,400","79,600","66,300","331,400",50%
Washington,Suzan K. DelBene (WA-1),Suzan K. DelBene ,WA-1),"39,800","18,700","42,100","59,100","78,700","77,900","316,300",52%
Washington,Rick Larsen (WA-2),Rick Larsen ,WA-2),"37,200","27,900","49,000","51,400","66,600","73,000","305,100",51%
Washington,Jaime Herrera Beutler (WA-3),Jaime Herrera Beutler ,WA-3),"40,700","20,800","39,400","52,300","67,400","72,100","292,600",51%
Washington,Dan Newhouse (WA-4),Dan Newhouse ,WA-4),"49,500","24,200","42,700","49,500","59,200","59,900","285,000",48%
Washington,Cathy McMorris Rodgers (WA-5),Cathy McMorris Rodgers ,WA-5),"35,800","29,900","43,200","43,600","61,200","69,900","283,500",50%
Washington,Derek Kilmer (WA-6),Derek Kilmer ,WA-6),"31,000","23,400","39,400","42,200","62,500","77,000","275,400",53%
Washington,Pramila Jayapal (WA-7),Pramila Jayapal ,WA-7),"27,900","28,400","69,200","66,400","69,800","71,700","333,300",53%
Washington,David G. Reichert (WA-8),David G. Reichert ,WA-8),"42,500","23,400","43,800","58,600","77,100","74,300","319,700",51%
Washington,Adam Smith (WA-9),Adam Smith ,WA-9),"38,400","22,800","57,100","58,800","75,600","66,100","318,800",51%
Washington,Denny Heck (WA-10),Denny Heck ,WA-10),"42,400","25,600","49,400","53,400","65,800","68,100","304,800",50%
West Virginia,David B. McKinley (WV-1),David B. McKinley ,WV-1),"28,000","24,400","34,200","43,000","56,200","62,500","248,300",52%
West Virginia,Alexander X. Mooney (WV-2),Alexander X. Mooney ,WV-2),"32,600","17,500","34,200","45,100","60,300","68,300","257,900",52%
West Virginia,Evan H. Jenkins (WV-3),Evan H. Jenkins ,WV-3),"30,100","18,100","30,400","42,200","53,300","57,700","231,800",51%
Wisconsin,Paul D. Ryan (WI-1),Paul D. Ryan ,WI-1),"38,600","21,500","38,100","50,200","77,800","80,200","306,400",52%
Wisconsin,Mark Pocan (WI-2),Mark Pocan ,WI-2),"38,800","33,900","48,000","55,400","69,000","76,300","321,500",51%
Wisconsin,Ron Kind (WI-3),Ron Kind ,WI-3),"36,300","34,400","38,400","45,200","66,500","74,400","295,200",51%
Wisconsin,Gwen Moore (WI-4),Gwen Moore ,WI-4),"43,500","29,500","53,700","51,600","62,400","59,000","299,600",48%
Wisconsin,"F. James Sensenbrenner, Jr. (WI-5)","F. James Sensenbrenner, Jr. ",WI-5),"38,500","22,500","39,900","51,600","76,700","81,600","310,700",52%
Wisconsin,Glenn Grothman (WI-6),Glenn Grothman ,WI-6),"36,300","23,800","37,200","48,700","73,600","80,300","299,900",52%
Wisconsin,Sean P. Duffy (WI-7),Sean P. Duffy ,WI-7),"36,700","18,100","33,800","46,900","73,200","86,600","295,400",53%
Wisconsin,Mike Gallagher (WI-8),Mike Gallagher ,WI-8),"39,700","22,300","40,100","51,200","75,300","78,600","307,000",52%
Wyoming,Liz Cheney (WY-AL),Liz Cheney ,WY-AL),"33,100","21,000","37,600","42,100","50,900","63,600","248,300",51%